"id","title","url"
7559145390269,"Ahoy Little Sailor Baby Romper","https://maisonsunny.com.au/products/ahoy-little-sailor-baby-romper"
7442460803261,"Albetta 1st Year Birthday Bunny Toy","https://maisonsunny.com.au/products/1st-year-birthday-bunny-toy"
7442462507197,"Albetta 1st Year Birthday Jersey Doll","https://maisonsunny.com.au/products/1st-year-birthday-jersey-doll"
7442460999869,"Albetta 2nd Year Birthday Bunny Toy","https://maisonsunny.com.au/products/2nd-year-birthday-bunny-toy"
7442462834877,"Albetta 2nd Year Birthday Jersey Doll","https://maisonsunny.com.au/products/2nd-year-birthday-jersey-doll"
7442461425853,"Albetta 3rd Year Birthday Bunny Toy","https://maisonsunny.com.au/products/3rd-year-birthday-bunny-toy"
7442463457469,"Albetta 3rd Year Birthday Jersey Doll","https://maisonsunny.com.au/products/3rd-year-birthday-jersey-doll"
7442447892669,"Albetta Baby Doll Carrier","https://maisonsunny.com.au/products/baby-doll-carrier"
7442464997565,"Albetta Baby Sleeping Set","https://maisonsunny.com.au/products/baby-sleeping-set"
7462806585533,"Albetta box","https://maisonsunny.com.au/products/albetta-box"
7442463785149,"Albetta Bunny Baby Sleepyhead Cuddle Doll Set","https://maisonsunny.com.au/products/bunny-baby-sleepyhead-cuddle-doll-set"
7442455986365,"Albetta Carter Linen Cat Toy w/ Sleeping Bag","https://maisonsunny.com.au/products/carter-linen-cat-toy-w-sleeping-bag"
7442448318653,"Albetta Crochet Bee Bark Towelling Babygro Romper","https://maisonsunny.com.au/products/crochet-bee-bark-towelling-babygro-romper"
7442451529917,"Albetta Crochet Bunny Rattle Toy","https://maisonsunny.com.au/products/crochet-bunny-rattle-toy"
7442450219197,"Albetta Crochet Croco Casey Babygro Romper","https://maisonsunny.com.au/products/crochet-croco-casey-babygro-romper"
7442460508349,"Albetta Crochet Croco Casey Rattle Toy","https://maisonsunny.com.au/products/crochet-croco-casey-rattle-toy"
7442448613565,"Albetta Crochet Estelle Eli Babygro Romper","https://maisonsunny.com.au/products/crochet-estelle-eli-babygro-romper"
7442448842941,"Albetta Crochet Leo Lion Grey Stripe Babygro Romper","https://maisonsunny.com.au/products/crochet-leo-lion-grey-stripe-babygro-romper"
7442455855293,"Albetta Crochet Leo Lion Stick Rattle","https://maisonsunny.com.au/products/crochet-leo-lion-stick-rattle"
7442451431613,"Albetta Crochet Owl Rattle Toy","https://maisonsunny.com.au/products/crochet-owl-rattle-toy"
7442448711869,"Albetta Crochet Owl Stripe Babygro Romper","https://maisonsunny.com.au/products/crochet-owl-stripe-babygro-romper"
7442450153661,"Albetta Crochet Panda Babygro Romper","https://maisonsunny.com.au/products/crochet-panda-babygro-romper"
7442451595453,"Albetta Crochet Panda Rattle Toy","https://maisonsunny.com.au/products/crochet-panda-rattle-toy"
7442450546877,"Albetta Crochet Peanut the Puppy Babygro Romper","https://maisonsunny.com.au/products/crochet-peanut-the-puppy-babygro-romper"
7442449334461,"Albetta Crochet Rainbow Blue marl Stripe Babygro Romper","https://maisonsunny.com.au/products/crochet-rainbow-blue-marl-stripe-babygro-romper"
7442455593149,"Albetta Crochet Rainbow Ring Rattle","https://maisonsunny.com.au/products/crochet-rainbow-ring-rattle"
7442448548029,"Albetta Crochet Rocket Babygro Romper","https://maisonsunny.com.au/products/crochet-rocket-babygro-romper"
7442455527613,"Albetta Crochet Rocket Ring Rattle","https://maisonsunny.com.au/products/crochet-rocket-ring-rattle"
7442448154813,"Albetta Crochet Wild Animals Babygro Romper","https://maisonsunny.com.au/products/crochet-wild-animals-babygro-romper"
7442458116285,"Albetta Doug Linen Dog Toy w/ Sleeping Bag","https://maisonsunny.com.au/products/doug-linen-dog-toy-w-sleeping-bag"
7442466603197,"Albetta Estelle Eli Muslin Cuddle Toy","https://maisonsunny.com.au/products/estelle-eli-gauze-cuddle-toy"
7442450874557,"Albetta Estelle Towelling Cuddle","https://maisonsunny.com.au/products/estelle-towelling-cuddle"
7442451071165,"Albetta French Terry w/ Toy Dungaree Set","https://maisonsunny.com.au/products/french-terry-w-toy-dungaree-set-romper"
7442466144445,"Albetta Leo Lion Muslin Cuddle Toy","https://maisonsunny.com.au/products/leo-lion-gauze-cuddle-toy"
7442450972861,"Albetta Leo Towelling Cuddle","https://maisonsunny.com.au/products/leo-towelling-cuddle"
7442461556925,"Albetta Mummy Sheep Towelling Toy","https://maisonsunny.com.au/products/mummy-sheep-towelling-toy"
7442450645181,"Albetta Peanut the Puppy Cuddle Toy","https://maisonsunny.com.au/products/peanut-the-puppy-cuddle-toy"
7442450612413,"Albetta Rocket Cuddle Toy","https://maisonsunny.com.au/products/rocket-cuddle-toy"
7442450776253,"Albetta Samuel Towelling Cuddle","https://maisonsunny.com.au/products/samuel-towelling-cuddle"
7442455789757,"Albetta Wild Animals Activity Ring Rattle","https://maisonsunny.com.au/products/wild-animals-activity-ring-rattle"
7840218153149,"Alex Blue Short Sleeve PJ Pyjama Set","https://maisonsunny.com.au/products/alex-blue-short-sleeved-pj-pyjama-set"
7436918653117,"Amazing Oceans Activity Fabric Baby Book","https://maisonsunny.com.au/products/amazing-oceans-fabric-baby-book"
7837862789309,"Amelia Floral Fun Cotton Baby Romper Dress","https://maisonsunny.com.au/products/amelia-floral-fun-cotton-romper-dress"
7837864591549,"Amelia Sweetheart Valentine's Day Cotton Baby Romper Dress","https://maisonsunny.com.au/products/amelia-sweetheart-valentines-day-cotton-romper-dress"
7849358000317,"Amelia Yellow Fun Cotton Baby Romper Dress - 6-12m Only","https://maisonsunny.com.au/products/amelia-yellow-fun-cotton-romper-dress"
7426082341053,"Animal Handloom Baby Decor","https://maisonsunny.com.au/products/farm-handloom-baby-mobile-1"
7426082308285,"Animal Handloom Baby Mobile","https://maisonsunny.com.au/products/farm-handloom-baby-mobile"
7468642238653,"Animals Teach Me Handloom Fabric Baby Book","https://maisonsunny.com.au/products/animals-teach-me-handloom-fabric-baby-book"
7840219365565,"Avery Green Short Sleeve PJ Pyjama Set","https://maisonsunny.com.au/products/avery-green-short-sleeve-pj-pyjama-set"
7358661034173,"Baby Alex White Hand Smocked Romper W/Blue Details & Peter Pan Collar - 9-12m Only","https://maisonsunny.com.au/products/alex-white-hand-smocked-romper-with-blue-details-and-peter-pan-collar"
7355255816381,"Baby Brighton Striped Cotton Romper size 9-12 Months","https://maisonsunny.com.au/products/bodebene-baby-brighton-green-striped-cotton-overalls"
7358617256125,"Baby Charlie Classic Hand Smocked Blue Check Baby Romper","https://maisonsunny.com.au/products/charlie-classic-hand-smocked-blue-check-baby-romper"
7460471996605,"Baby Milestone Cards","https://maisonsunny.com.au/products/baby-cards"
7559125205181,"Baby Pink Floral Hand Smocked Margot Dress with Puffed Sleeve 6-9m & 9-12m Only","https://maisonsunny.com.au/products/baby-pink-floral-hand-smocked-margot-dress-with-puffed-sleeve"
7442651644093,"Baby Singlet Top with embroidery blue or peach","https://maisonsunny.com.au/products/funky-baby-singlet-top-with-embroidery"
7567929278653,"Batting Beyond Average Limited Edition T-Shirt","https://maisonsunny.com.au/products/batting-beyond-average-limited-edition-t-shirt"
7661682163901,"Beautiful Djeco Origami Kit - Small Boxes","https://maisonsunny.com.au/products/beautiful-djeco-origami-kit-small-boxes"
7360311820477,"Bebe 100% GOTS Organic Baby Sheep Envelop Neck Bodysuit 6-12m Only","https://maisonsunny.com.au/products/bebe-100-gots-organic-baby-sheep-envelop-neck-bodysuit"
7360346390717,"Bebe Baby Animal Bunny Comforter Cloud","https://maisonsunny.com.au/products/bebe-baby-animal-bunny-comforter"
7359324717245,"Bebe Baby Belle 100% GOTS Organic Floral Singlet Bodysuit Romper","https://maisonsunny.com.au/products/bebe-baby-belle-100-gots-organic-floral-singlet-bodysuit-romper"
7360342294717,"Bebe Baby Blue Shades Silicone Bibs","https://maisonsunny.com.au/products/bebe-baby-blue-shades-silicone-bibs"
7360349831357,"Bebe Baby Blue Spot Layette Short Sleeve Romper","https://maisonsunny.com.au/products/bebe-baby-blue-spot-layette-short-sleeve-romper"
7360348389565,"Bebe Baby Cloud Spot White Layette Short Sleeve Romper","https://maisonsunny.com.au/products/bebe-baby-cloud-spot-white-layette-short-sleeve-romper"
7360298582205,"Bebe Baby Dino 100% GOTS Organic Cotton Envelope Neck Bodysuit","https://maisonsunny.com.au/products/bebe-baby-dino-100-gots-organic-cotton-envelope-neck-bodysuit"
7360301990077,"Bebe Baby Mae Singlet Bodysuit","https://maisonsunny.com.au/products/mae-singlet-bodysuit"
7360341147837,"Bebe Baby Pink Shades Silicone Bibs","https://maisonsunny.com.au/products/bebe-baby-pink-shades-silicone-bibs"
7360350159037,"Bebe Baby Pink Spot Layette Short Sleeve Romper","https://maisonsunny.com.au/products/bebe-baby-pink-spot-layette-short-sleeve-romper"
7358738727101,"Bebe Baby Retro Stripe Organic Cotton Terry Towelling Bodysuit","https://maisonsunny.com.au/products/bebe-baby-retro-stripe-organic-cotton-terry-towelling-bodysuit"
7358730764477,"Bebe Baby Retro Stripe Organic Terry Cotton Sun Hat","https://maisonsunny.com.au/products/stripe-terry-sun-hat"
7360342851773,"Bebe Baby Sage/Grey Shades Silicone Bibs","https://maisonsunny.com.au/products/bebe-baby-sage-grey-shades-silicone-bibs"
7360344916157,"Bebe Baby White Teddy Comforter","https://maisonsunny.com.au/products/bebe-baby-white-teddy-comforter-size-s"
7358763925693,"Bebe Beby  Stripe Terry Shorts","https://maisonsunny.com.au/products/bebe-beby-stripe-terry-shorts"
7358459707581,"Blake Classic Pink Linen Striped Kids Pyjama Set Drop 1","https://maisonsunny.com.au/products/blake-classic-pink-and-red-linen-striped-kids-pyjama-set"
7559144177853,"Blue / Pink Flutterfly Print Hand Smocked Grace Dress- 6-9m Only","https://maisonsunny.com.au/products/blue-pink-butterfly-print-hand-smocked-grace-dress"
7426083029181,"Blue Dolphin Handloom","https://maisonsunny.com.au/products/blue-dolphin-handloom"
7559123927229,"Blue Floral Hand Smocked Margot Dress with Puffed Sleeves","https://maisonsunny.com.au/products/blue-floral-hand-smocked-margot-dress-with-puffed-sleeves"
7559143850173,"Blue Waffle Hand Smocked Grace Dress - 0-3m Only","https://maisonsunny.com.au/products/blue-waffle-hand-smocked-grace-dress"
7426082799805,"Blue Yellow Penguin Bird Handloom","https://maisonsunny.com.au/products/blue-yellow-penquin-bird-handloom"
7440854581437,"Bodebene Amelie Dress with Shoulder Straps","https://maisonsunny.com.au/products/bodebene-amelie-dress-with-shoulder-straps"
7356360720573,"Bodebene Baby Agnes Floral Cotton Pink Hand Smocked Dress 0-3m only","https://maisonsunny.com.au/products/agnes-floral-cotton-pink-hand-smocked-dress"
7358570135741,"Bodebene Baby Ava Handmade Doll","https://maisonsunny.com.au/products/bodebene-baby-ava-handmade-doll"
7355629011133,"Bodebene Baby Beau Hand Made Shirt and Bloomer Set 3-6m only","https://maisonsunny.com.au/products/bodebene-baby-beau-hand-made-shirt-and-bloomer-set-size-0-3-months"
7440862576829,"Bodebene Baby Blue Cutwork Dress with Bloomer Newborn 0-3","https://maisonsunny.com.au/products/bodebene-baby-cutwork-dress-with-bloomer"
7358594810045,"Bodebene Baby Chic Brown Fawn Shorts","https://maisonsunny.com.au/products/bodebene-baby-chic-brown-fawn-shorts"
7358606246077,"Bodebene Baby Chic Collarless Blue Pinstriped Shirt","https://maisonsunny.com.au/products/baby-chic-collarless-blue-pinstriped-shirt"
7356400304317,"Bodebene Baby Chloe Blue Embroidered Hand Smocked Dress size 3-6 Months","https://maisonsunny.com.au/products/chloe-blue-embroidered-hand-smocked-dress"
7440861692093,"Bodebene Baby Classic Baby Two Piece: Peter Pan Collar Shirt and Short Suit Set","https://maisonsunny.com.au/products/bodebene-baby-classic-baby-two-piece-peter-pan-collar-shirt-and-short-suit-set"
7358669815997,"Bodebene Baby Classic Baby Two Piece: Smocked Shirt and Short Suit Set","https://maisonsunny.com.au/products/classic-baby-two-piece-smocked-shirt-and-short-suit-set"
7358629937341,"Bodebene Baby Classic Collared Grey Rose Smocked Dress 0-3m Only","https://maisonsunny.com.au/products/classic-collared-grey-rose-smocked-dress"
7440863199421,"Bodebene Baby Classic Gingham Dress","https://maisonsunny.com.au/products/bodebene-baby-classic-gingham-dress"
7358613455037,"Bodebene Baby Classic Hand Smocked Deep Blue Floral Dress size 0-3 Months","https://maisonsunny.com.au/products/bodebene-baby-classic-hand-smocked-deep-blue-floral-dress"
7358581604541,"Bodebene Baby Classic White Rose Pink Puffed Sleeve Smocked Dress","https://maisonsunny.com.au/products/bodebene-baby-classic-white-rose-pink-puffed-sleeve-smocked-dress"
7355610857661,"Bodebene Baby Cleo Hand Made Ivory Romper 9-12m Only","https://maisonsunny.com.au/products/bodebene-baby-cleo-hand-made-ivory-romper-9-12-months-only"
7497504325821,"Bodebene Baby Cole White Hand Smocked Blue Detail Suit With Hat","https://maisonsunny.com.au/products/copy-of-bodebene-baby-cole-white-hand-smocked-blue-detail-suit-with-hat"
7358608834749,"Bodebene Baby Cosy Pure White Woolen Baby knit","https://maisonsunny.com.au/products/cosy-pure-white-woolen-baby-set"
7358651433149,"Bodebene Baby Cruz Navy Sail Boat Hand Smocked Overalls 3-6 m Only","https://maisonsunny.com.au/products/cruz-navy-sail-boat-hand-smocked-overalls"
7355703591101,"Bodebene Baby Delphine Floral Cotton Green Hand Smocked Dress size 9-12 Months","https://maisonsunny.com.au/products/bodebene-baby-delphine-floral-cotton-green-hand-smocked-dress"
7358666113213,"Bodebene Baby Denver Blue and White Vintage Cars Baby Romper- 12-18m Only","https://maisonsunny.com.au/products/denver-blue-and-white-vintage-cars-baby-romper"
7355738161341,"Bodebene Baby Elea Cotton Purple Hand Smocked Dress 4-5y only","https://maisonsunny.com.au/products/elea-cotton-purple-hand-smocked-dress"
7355250835645,"Bodebene Baby Fleur Cotton Pink Stripe Hand Smocked Dress 3-4y only","https://maisonsunny.com.au/products/fleur-cotton-pink-stripe-hand-smocked-dress"
7356441723069,"Bodebene baby Freya Beige and White Floral Cotton Hand Smocked Dress 2-3y Only","https://maisonsunny.com.au/products/freya-beige-and-white-floral-cotton-hand-smocked-dress"
7355247591613,"Bodebene Baby Isabella Cotton Pink Birthday Hand Smocked Dress size 5-6yrs Only","https://maisonsunny.com.au/products/isabella-cotton-pink-birthday-hand-smocked-dress"
7356386869437,"Bodebene Baby Kennedy Cosy Pure White Woollen Baby Shoes","https://maisonsunny.com.au/products/kennedy-cosy-pure-white-woollen-baby-booties"
7355620556989,"Bodebene Baby Leo Hand Made Silver Romper 3-6 Months Only","https://maisonsunny.com.au/products/leo-hand-made-silver-romper"
7358658445501,"Bodebene Baby Light Grey Hand Smocked Corduroy Romper size 6-9 Months","https://maisonsunny.com.au/products/bodebene-baby-light-grey-hand-smocked-corduroy-romper"
7358636851389,"Bodebene Baby Lily Classic Hand Smocked Puffed Sleeve Ivory Dress","https://maisonsunny.com.au/products/lily-classic-hand-smocked-puffed-sleeve-ivory-dress"
7355235336381,"Bodebene Baby Lisette White with Pink Details Collard Puffy Sleeve Cotton Hand Smocked Dress 18-24m and 3-4y only","https://maisonsunny.com.au/products/bodebene-baby-lisette-white-with-pink-details-collard-puffy-sleeve-cotton-hand-smocked-dress-1"
7355209023677,"Bodebene Baby Lucy Multi Coloured Striped Cotton Pinafore size 3-6 Months","https://maisonsunny.com.au/products/bodebene-baby-lucy-multi-coloured-striped-cotton-pinafore"
7356434645181,"Bodebene Baby Matilda Light Fawn Collard Cotton Hand Smocked Dress 9-12m Only","https://maisonsunny.com.au/products/matilda-light-fawn-collard-cotton-hand-smocked-dress"
7358646386877,"Bodebene Baby Miller Hand Smocked Navy Blue Romper with contrasting stitching","https://maisonsunny.com.au/products/miller-hand-smocked-navy-blue-romper-with-contrasting-stitching"
7358565712061,"Bodebene Baby Neva Hademade Doll","https://maisonsunny.com.au/products/bodebene-baby-neva-hademade-doll"
7442655150269,"Bodebene Baby Noe Striped Overall One Piece Romper 6-12m Only","https://maisonsunny.com.au/products/bodebene-baby-noe-striped-overall-one-piece-romper"
7358686265533,"Bodebene Baby Parker Classic Hand Smocked Bunny Blue White Striped Baby Romper 12-18m Only","https://maisonsunny.com.au/products/parker-classic-hand-smocked-bunny-blue-white-striped-baby-romper"
7356489564349,"Bodebene Baby Play Corduroy Shorts size 18-24 Months","https://maisonsunny.com.au/products/baby-play-corduroy-shorts"
7358641930429,"Bodebene Baby Remy White Hand Smocked Short Leg Romper 3-6m only","https://maisonsunny.com.au/products/remy-white-hand-smocked-blue-detail-short-leg-romper-with-peter-pan-collar"
7356417966269,"Bodebene Baby Ruby Ready to Party Headband","https://maisonsunny.com.au/products/ruby-ready-to-party-headband"
7356426584253,"Bodebene Baby Sadie White with Pink Details Collard Sleeveless Cotton Hand Smocked Dress","https://maisonsunny.com.au/products/sadie-white-with-pink-details-collard-sleeveless-cotton-hand-smocked-dress"
7358664671421,"Bodebene Baby Skye Light Blue Hand Smocked Romper","https://maisonsunny.com.au/products/skye-light-blue-hand-smocked-romper"
7358599758013,"Bodebene Baby Sophie Blue Pink Embroidered Laugh and Play Top 4-5y only","https://maisonsunny.com.au/products/sophie-blue-pink-embroidered-laugh-and-play-top"
7358622826685,"Bodebene Baby Suzie Classic Hand Smocked Floral Baby Romper","https://maisonsunny.com.au/products/suzie-classic-hand-smocked-floral-baby-romper"
7426068807869,"Bodebene Christening Dress","https://maisonsunny.com.au/products/bodebene-christening-dress"
7440849174717,"Bodebene Elea Collared Dark Pink Puffed Sleeve Hand Smocked Dress 9-12m Only","https://maisonsunny.com.au/products/bodebene-elea-collared-dark-pink-puffed-sleeve-hand-smocked-dress"
7440850256061,"Bodebene Elea Collared Dusty Pink Puffed Sleeve Hand Smocked Dress","https://maisonsunny.com.au/products/bodebene-elea-collared-peachy-pink-puffed-sleeve-hand-smocked-dress"
7440851337405,"Bodebene Elsie Blue with Butterfly Sleeve Hand Smocked Dress 4-5y only","https://maisonsunny.com.au/products/bodebene-elsie-blue-with-butterfly-sleeve-hand-smocked-dress"
7440820404413,"Bodebene Freya Blue Floral Hand Smocked Dress SIZE 2-3 years only","https://maisonsunny.com.au/products/bodebene-freya-blue-floral-hand-smocked-dress-size-2-3-years-only"
7440818143421,"Bodebene Freya Blue Hand Smocked Dress with Pink Rose SIZE 2-3 years only","https://maisonsunny.com.au/products/bodebene-freya-blue-hand-smocked-dress-with-pink-rose-size-2-3-years-only"
7442654691517,"Bodebene Freya Blue Rose Hand Smocked Dress SIZE 2-3 years only","https://maisonsunny.com.au/products/bodebene-freya-blue-rose-hand-smocked-dress-size-2-3-years-only"
7440836493501,"Bodebene Freya Grey Hand Smocked Dress SIZE 2-3 years only","https://maisonsunny.com.au/products/bodebene-freya-grey-hand-smocked-dress-size-2-3-years-only"
7440848322749,"Bodebene Freya Pastal Flowers Hand Smocked Dress SIZE 0-3m Only","https://maisonsunny.com.au/products/bodebene-freya-pastal-flowers-hand-smocked-dress"
7440839016637,"Bodebene Freya Yellow Floral With Purple Hand Smocked Dress 9-12m Only","https://maisonsunny.com.au/products/bodebene-freya-yellow-floral-with-purple-hand-smocked-dress"
7355668725949,"Bodebene Gael Blue and White Cotton Hand Smocked Dress with Embroidery Details 0-3m only","https://maisonsunny.com.au/products/baby-gael-blue-and-white-cotton-hand-smocked-dress-with-embroidery-details"
7440863264957,"Bodebene Girls Newborn Jumpsuit in Red Print","https://maisonsunny.com.au/products/bodebene-girls-newborn-jumpsuit-in-red-print"
7440852222141,"Bodebene Margot Blue with Pink Flowers Puffed Sleeve Hand Smocked Dress 18-24m Only","https://maisonsunny.com.au/products/bodebene-margot-blue-with-white-flowers-puffed-sleeve-hand-smocked-dress"
7440851140797,"Bodebene Margot Blue with Pink Puffed Sleeve Hand Smocked Dress 0-3m Only","https://maisonsunny.com.au/products/bodebene-margot-blue-with-pink-puffed-sleeve-hand-smocked-dress"
7355731443901,"Bodebene Margot Cotton Yellow Hand Smocked Dress","https://maisonsunny.com.au/products/margot-floral-cotton-yellow-hand-smocked-dress-sizes"
7440850944189,"Bodebene Margot Pink Floral Puffed Sleeve Hand Smocked Dress 0-3 M Only","https://maisonsunny.com.au/products/bodebene-margot-pink-floral-puffed-sleeve-hand-smocked-dress"
7485930078397,"Boho Blush Pink Macrame Rainbow Wall Hanging Baby Mobile","https://maisonsunny.com.au/products/boho-blush-pink-macrame-rainbow-wall-hanging-baby-mobile"
7454017355965,"Boho Kids Gift Set","https://maisonsunny.com.au/products/love-kids-gift-set"
7485930504381,"Boho Rainbow Macrame Key Chain","https://maisonsunny.com.au/products/macrame-rainbow-key-chain"
7436916097213,"Bonikka Alicia Handmade Doll","https://maisonsunny.com.au/products/bonikka-alicia-trio-handmade-doll"
7358562304189,"Bonikka Baby Aria Doll","https://maisonsunny.com.au/products/bonikka-baby-aria-doll"
7356507717821,"Bonikka Baby Blake Handmade Doll","https://maisonsunny.com.au/products/bodebene-baby-blake-handmade-doll"
7356498084029,"Bonikka Baby Bode Hand Made Rag doll","https://maisonsunny.com.au/products/bodebene-baby-bode-hand-made-rag-doll"
7356501360829,"Bonikka Baby Fran Hand Made Rag doll","https://maisonsunny.com.au/products/bodebene-baby-fran-hand-made-rag-doll"
7436894666941,"Bonikka Baby Jayden Handmade Doll","https://maisonsunny.com.au/products/bonikka-baby-jayden-handmade-doll"
7356494708925,"Bonikka Baby Renee Handmade Doll","https://maisonsunny.com.au/products/bodebene-baby-renee-handmade-doll"
7356492513469,"Bonikka Baby Rose Handmade Doll","https://maisonsunny.com.au/products/bodebene-baby-kellie-handmade-doll"
7356512567485,"Bonikka Baby Sam Handmade Doll and Carry Cot Set","https://maisonsunny.com.au/products/bodebene-baby-sam-handmade-doll-and-carry-cot-set"
7497506619581,"Bonikka Brenda Handmade Doll","https://maisonsunny.com.au/products/bonikka-alicia-handmade-doll"
7436907118781,"Bonikka Organic Angelina Fairy Doll","https://maisonsunny.com.au/products/bonikka-organic-angelina-fairy-doll"
7436913148093,"Bonikka Organic Lily Handmade Doll","https://maisonsunny.com.au/products/bonikka-organic-lily-handmade-doll"
7460471570621,"Book Misc","https://maisonsunny.com.au/products/book-misc"
7436242092221,"Bright Baby Handmade Mini Mobile","https://maisonsunny.com.au/products/bright-betty-bear-handmade-mini-mobile"
7436683641021,"Busy Bee Felt Mobile","https://maisonsunny.com.au/products/busy-bee-felt-mobile"
7567929344189,"ChillSeeker Blue Limited Edition T-Shirt","https://maisonsunny.com.au/products/chillseeker-blue-limited-edition-t-shirt"
7444361806013,"Christening dress","https://maisonsunny.com.au/products/christening-dress"
7395259777213,"Christmas Tide Felt Candy Canes - Set of 2","https://maisonsunny.com.au/products/felt-candy-canes-set-of-2"
7559127695549,"Classic Grey Hand Smocked Grace Dress","https://maisonsunny.com.au/products/classic-grey-hand-smocked-grace-dress"
7436356124861,"Clay Pink Stripy Sailor Kids Waterproof Jacket Size 3-4 y Only","https://maisonsunny.com.au/products/clay-pink-stripy-sailor-kids-waterproof-jacket-size-0-1-y-1-2-y-and-3-4-y-only"
7426083389629,"Colourful Bird Handloom","https://maisonsunny.com.au/products/colourful-bird-handloom"
7661209616573,"Colourful Djeco Origami Craft Set - Tropics","https://maisonsunny.com.au/products/colourful-djeco-origami-craft-set-tropics"
7559122845885,"Coral / Blue Floral Hand Smocked Margot Dress with Puffed Sleeve- 0-3m & 9-12m Only","https://maisonsunny.com.au/products/coral-blue-floral-hand-smocked-margot-dress-with-puffed-sleeve"
7661683933373,"Creative Colourful Djeco Do It Yourself Space Mosaic Photo Frame Kit","https://maisonsunny.com.au/products/creative-colourful-djeco-do-it-yourself-mosaic-photo-frame-kit"
7661230293181,"Creative Colourful Djeco Fanciful Painted Card Making Set","https://maisonsunny.com.au/products/creative-colourful-djeco-fanciful-painted-card-making-set"
7497497379005,"Crochet Baby Rattle Toy","https://maisonsunny.com.au/products/crochet-baby-rattle-toy"
7454259052733,"Cuddle Kids Gift Set","https://maisonsunny.com.au/products/cuddle-kids-gift-set"
7438374469821,"Cute Baby Bear Shoes Size 24","https://maisonsunny.com.au/products/bear-shoes"
7649886175421,"Cute Djeco Ink Pad Personalised Message Stamps for Kids","https://maisonsunny.com.au/products/cute-djeco-ink-pad-personalised-message-stamps-for-kids"
7454018306237,"Cute! Kids Gift Set","https://maisonsunny.com.au/products/cute-kids-gift-set"
7394459812029,"Darby Classic Handmade Black and White Linen Striped Kids Pyjama Short Set - 2y Only Drop 1","https://maisonsunny.com.au/products/darby-classic-handmade-black-and-white-linen-striped-kids-pyjama-short-set"
7661224362173,"Djeco Flying Sofye Create a Cartoon Craft Kit","https://maisonsunny.com.au/products/djeco-flying-sofye-create-a-cartoon-craft-kit"
7661705461949,"Djeco Lovely Paper Range Fluro crayons - Set of 5","https://maisonsunny.com.au/products/djeco-lovely-paper-range-fluro-crayons-set-of-5"
7661702971581,"Djeco Lovely Paper Range Rainbow Gel Pens - Set of 6","https://maisonsunny.com.au/products/djeco-lovely-paper-rainbow-gel-pens-set-of-6"
7661708312765,"Djeco Magic Felt Tip Pens Set of 10","https://maisonsunny.com.au/products/djeco-magic-felt-tip-pens-set-of-10"
7661718569149,"Djeco Magic Invisible Ink Pen","https://maisonsunny.com.au/products/djeco-magic-pen"
7661210468541,"Djeco Origami Kit - Fortune Tellers","https://maisonsunny.com.au/products/djeco-origami-kit-fortune-tellers"
7436926714045,"Djeco Tiny Beads Activity Set","https://maisonsunny.com.au/products/djeco-tiny-beads-activity-set"
7394451030205,"Drew Classic Handmade Blue Linen Striped Kids Pyjama Set 2y & 10y only Drop 1","https://maisonsunny.com.au/products/drew-classic-handmade-blue-and-white-linen-striped-kids-pyjama-set"
7394452308157,"Dusty Classic Handmade Blue Linen Striped with Yellow Trim Kids Pyjama Short Set 2y only Drop 1","https://maisonsunny.com.au/products/handmade-dusty-blue-and-yellow-trim-linen-striped-kids-pyjama-set"
7442176442557,"Elephant Handloom Soft Toy","https://maisonsunny.com.au/products/copy-of-shelby-snail-handloom-soft-toy"
7836812181693,"Ellie Easy Breezy Summer Dress","https://maisonsunny.com.au/products/ellie-easy-breezy-summer-dress"
7837861052605,"Emerson Blue Breezy Summer Baby Romper","https://maisonsunny.com.au/products/emerson-blue-breezy-summer-romper"
7837862133949,"Emerson Sunny Yellow Summer Baby Romper- One Piece Left 18-24m","https://maisonsunny.com.au/products/emerson-sunny-yellow-summer-romper"
7836811755709,"Evelyn Floral Delight Dress","https://maisonsunny.com.au/products/evelyn-floral-delight-dress"
7836806283453,"Evelyn Funky Paisley Dress","https://maisonsunny.com.au/products/evelyn-funky-paisley-dress"
7836807332029,"Evelyn Sweetheart Valentine's Day Dress","https://maisonsunny.com.au/products/evelyn-sweetheart-valentines-day-dress"
7438374338749,"Felt Animal Purse for Keepsake Items","https://maisonsunny.com.au/products/felt-animal-purse"
7454934433981,"Felt Animals Finger Puppet Bundle - 5","https://maisonsunny.com.au/products/felt-animals-finger-puppet-bundle-5"
7438377910461,"Felt Animals Finger Puppet Single","https://maisonsunny.com.au/products/felt-hand-puppet-single"
7438374928573,"Felt Coaster","https://maisonsunny.com.au/products/felt-rainbow-festival-coaster-set"
7497510617277,"Felt Dreamy Ocean Play Mat","https://maisonsunny.com.au/products/felt-dreamy-ocean-play-mat"
7438374600893,"Felt Rainbow Garland","https://maisonsunny.com.au/products/felt-rainbow-garland"
7426074935485,"Festival Fun Blue Green Handloom Sling Bag","https://maisonsunny.com.au/products/festival-fun-blue-green-handloom-back-pack"
7426075689149,"Festival Fun Orange Handloom Sling Bag","https://maisonsunny.com.au/products/festival-fun-orange-handloom-sling-bag"
7457102102717,"First Birthday Gift Box Suits 6-12 months","https://maisonsunny.com.au/products/first-birthday-gift-box-suits-6-12-months"
7638671687869,"Floral Blue Boys New Year Suit Set","https://maisonsunny.com.au/products/floral-blue-boys-new-year-suit-set"
7638672572605,"Floral Blue Girls New Year Suit Set","https://maisonsunny.com.au/products/floral-blue-girls-new-year-suit-set"
7559128547517,"Forrest Green Hand Smocked Grace Dress 0-3m only","https://maisonsunny.com.au/products/forrest-green-hand-smocked-grace-dress-1"
7460472881341,"Fox and Fallow Baby Book","https://maisonsunny.com.au/products/baby-book"
7426083651773,"Frankie Frog Handloom Soft Toy","https://maisonsunny.com.au/products/yellow-frog-handloom"
7395260235965,"Frosty Freddy Handmade Snowman with Knitted Cap","https://maisonsunny.com.au/products/snowman-with-knitted-cap"
7440479944893,"Funky Baby Overalls","https://maisonsunny.com.au/products/funky-baby-overalls"
7443971735741,"Funky Baby Set","https://maisonsunny.com.au/products/funky-baby-set"
7440480043197,"Funky Kids Dress","https://maisonsunny.com.au/products/funky-kids-dress"
7440475422909,"Funky Kids Summer Singlet","https://maisonsunny.com.au/products/funky-kids-singlets"
7440477847741,"Funky Kids T-Shirt","https://maisonsunny.com.au/products/funky-kids-t-shirts"
7440477225149,"Funky Kids T-shirt and Short Set","https://maisonsunny.com.au/products/funky-kids-summer-singlet-set"
7440479125693,"Funky Kids T-Shirt and Short Set","https://maisonsunny.com.au/products/funky-kids-t-shirt-and-short-set"
7489649082557,"Funky Linen Shirt","https://maisonsunny.com.au/products/linen-shirt"
7489649115325,"Funky Linen Short","https://maisonsunny.com.au/products/linen-short"
7497503867069,"Funky Shorts","https://maisonsunny.com.au/products/funky-shorts"
7460485202109,"Funky Top and Bottom Set","https://maisonsunny.com.au/products/10-tops"
7460484710589,"Funky Tops","https://maisonsunny.com.au/products/5-tops"
7358679646397,"Georgie Baby Three Piece Suit in Fawn or Navy 9-12m or 12-18m","https://maisonsunny.com.au/products/georgie-baby-three-piece-suit-bowtie-shirt-and-overalls-set-in-fawn-or-navy"
7395328753853,"Gina Christmas Mouse Ornament","https://maisonsunny.com.au/products/christmas-mouse-ornament-girl"
7497232842941,"Gold Plated Petit Flower Earrings with Citrine Yellow, Amethyst Purple and Garnet Dark Pink","https://maisonsunny.com.au/products/gold-plated-petit-flower-earrings-with-citrine-amethyst-and-garnet"
7559120486589,"Green Floral Hand Smocked Freya Dress Size 9-12M Only","https://maisonsunny.com.au/products/freya-green-floral-hand-smocked-dress-size-9-12m-2-3y-only"
7468648038589,"Hand Made Crochet Apple","https://maisonsunny.com.au/products/hand-made-crochet-apple"
7468646727869,"Hand Made Crochet Avocado","https://maisonsunny.com.au/products/hand-made-crochet-avocado"
7468648759485,"Hand Made Crochet Cake Slice","https://maisonsunny.com.au/products/hand-made-crochet-cake"
7468648169661,"Hand Made Crochet Carrot","https://maisonsunny.com.au/products/hand-made-crochet-carrot"
7468647973053,"Hand Made Crochet Kiwi Fruit","https://maisonsunny.com.au/products/hand-made-crochet-kiwi-fruit"
7468648628413,"Hand Made Crochet Orange","https://maisonsunny.com.au/products/hand-made-crochet-orange"
7468648366269,"Hand Made Crochet Pineapple","https://maisonsunny.com.au/products/hand-made-crochet-pineapple"
7468648726717,"Hand Made Crochet Pomelo","https://maisonsunny.com.au/products/chand-made-crochet-pomelo"
7468648300733,"Hand Made Dragon Fruit","https://maisonsunny.com.au/products/copy-of-hand-made-crochet-carrot"
7468649251005,"Hand Made Dreamy Dream Catcher Crochet Key Ring","https://maisonsunny.com.au/products/hand-made-dreamy-dream-catcher-crochet-key-ring"
7468645253309,"Hand Made Peel-able Crochet Banana","https://maisonsunny.com.au/products/hand-made-peel-able-crochet-banana"
7388025454781,"Hand Made Yummy Crochet Key Ring","https://maisonsunny.com.au/products/super-fruit-hand-made-key-ring"
7465448964285,"Handloom Colour Rush Trivet","https://maisonsunny.com.au/products/handloom-coaster"
7497509667005,"Handloom Fabric Bright Coloured StackingRings for Baby","https://maisonsunny.com.au/products/handloom-fabric-bright-coloured-rings-for-baby"
7465475571901,"Handloom Kids Elephant Backpack","https://maisonsunny.com.au/products/handloom-kids-elephant-backpack"
7465478881469,"Handloom Kids Monkey Backpack","https://maisonsunny.com.au/products/handloom-kids-monkey-backpack"
7465479667901,"Handloom Purse","https://maisonsunny.com.au/products/handloom-purse"
7442177654973,"Handloom Rabbit Monster","https://maisonsunny.com.au/products/handloom-monster"
7442176934077,"Handloom toys small","https://maisonsunny.com.au/products/handloom-toys-small"
7497515598013,"Handmade Crochet Christmas Reindeer Ornament","https://maisonsunny.com.au/products/handmade-reindeer-ornament"
7390448386237,"Handmade Felt Finger Puppet Set - Amazing Animals","https://maisonsunny.com.au/products/handmade-felt-finger-puppet-set-amazing-animals"
7390444650685,"Handmade Felt Finger Puppet Set - Aussie Animals - 5 pcs","https://maisonsunny.com.au/products/handmade-felt-finger-puppet-set-aussie-animals"
7442177851581,"Handmade Felt Pineapple","https://maisonsunny.com.au/products/handmade-felt-pineapple"
7395261382845,"Happy Santa Claus Decoration and Felt Finger Puppet","https://maisonsunny.com.au/products/happy-santa-claus-decoration-and-felt-finger-puppet"
7836804776125,"Harper Playful Days Summer Playsuit","https://maisonsunny.com.au/products/harper-playful-days-summer-playsuit"
7390358634685,"Healthy Amigurumi Vegetable Soft Toy","https://maisonsunny.com.au/products/maison-sunny-amigurumi-soft-toy-eggplant"
7567928950973,"Hoops and Dreams Black Limited Edition T-Shirt","https://maisonsunny.com.au/products/hoops-and-dreams-black-limited-edition-t-shirt"
7559124517053,"Hot Pink Floral Hand Smocked Freya Dress- 0-3m and 9-12m Only","https://maisonsunny.com.au/products/hot-pink-floral-hand-smocked-freya-dress"
7454258430141,"Hunt Kids Gift Set","https://maisonsunny.com.au/products/hunt-kids-gift-set"
7840219136189,"Hunter Orange Short Sleeve PJ Pyjama Set","https://maisonsunny.com.au/products/hunter-orange-short-sleeve-pj-pyjama-set"
7395249619133,"Ice Cream Dream Felt Ball Cup Coasters - set of 6","https://maisonsunny.com.au/products/felt-ball-cup-coasters-set-of-6"
7390363615421,"It's Yum Amigurumi Dessert Soft Toy cup cake","https://maisonsunny.com.au/products/copy-of-maison-sunny-amigurumi-dessert-soft-toy"
7395250077885,"Jack Frostee Handmade Snowman with Tophat","https://maisonsunny.com.au/products/snowman-with-tophat"
7395259777213,"Christmas Tide Felt Candy Canes - Set of 2","https://maisonsunny.com.au/products/felt-candy-canes-set-of-2"
7395260235965,"Frosty Freddy Handmade Snowman with Knitted Cap","https://maisonsunny.com.au/products/snowman-with-knitted-cap"
7395261382845,"Happy Santa Claus Decoration and Felt Finger Puppet","https://maisonsunny.com.au/products/happy-santa-claus-decoration-and-felt-finger-puppet"
7395263447229,"Jerry Christmas Mouse Ornament","https://maisonsunny.com.au/products/christmas-mouse-ornament-boy"
7395328753853,"Gina Christmas Mouse Ornament","https://maisonsunny.com.au/products/christmas-mouse-ornament-girl"
7395341533373,"Teddy Daschund Sausage Dog Christmas Decoration","https://maisonsunny.com.au/products/christmas-daschund-sausage-dog-decoration"
7395346055357,"Pet Dog Christmas Stocking","https://maisonsunny.com.au/products/christmas-stocking-for-dog"
7395347955901,"Pet Cat Christmas Stocking","https://maisonsunny.com.au/products/christmas-stocking-for-cat"
7395352674493,"Tassa Friendly Gnome Ornament","https://maisonsunny.com.au/products/gnome-ornament"
7426060452029,"Maison Sunny Ocean Blue Puff Paint Kids T Shirt","https://maisonsunny.com.au/products/maison-sunny-blue-puff-paint-t-shirt"
7426067595453,"Maison Sunny Yellow Sunny Patch T Shirt","https://maisonsunny.com.au/products/maison-sunny-yellow-patch-t-shirt"
7426068807869,"Bodebene Christening Dress","https://maisonsunny.com.au/products/bodebene-christening-dress"
7426074247357,"Turtles Handloom Baby Mobile","https://maisonsunny.com.au/products/cobalt-blue-handloom-bucket-hat"
7426074476733,"Seafoam Green Or Sky Blue Handloom Bucket Hat","https://maisonsunny.com.au/products/seafoam-green-handloom-bucket-hat"
7426074935485,"Festival Fun Blue Green Handloom Sling Bag","https://maisonsunny.com.au/products/festival-fun-blue-green-handloom-back-pack"
7426075689149,"Festival Fun Orange Handloom Sling Bag","https://maisonsunny.com.au/products/festival-fun-orange-handloom-sling-bag"
7426078245053,"Save Our Earth Handloom Fabric Baby Book","https://maisonsunny.com.au/products/save-our-earth-handloom-fabric-baby-book"
7426078933181,"Kids Green Stripe Handloom Apron","https://maisonsunny.com.au/products/kids-green-stripe-handloom-apron"
7426079817917,"Kids Orange Check Handloom Apron","https://maisonsunny.com.au/products/kids-orange-check-handloom-apron"
7426082308285,"Animal Handloom Baby Mobile","https://maisonsunny.com.au/products/farm-handloom-baby-mobile"
7426082341053,"Animal Handloom Baby Decor","https://maisonsunny.com.au/products/farm-handloom-baby-mobile-1"
7426082603197,"Pink Yellow Penguin Bird Handloom","https://maisonsunny.com.au/products/pink-yellow-penquin-bird-handloom"
7426082799805,"Blue Yellow Penguin Bird Handloom","https://maisonsunny.com.au/products/blue-yellow-penquin-bird-handloom"
7426083029181,"Blue Dolphin Handloom","https://maisonsunny.com.au/products/blue-dolphin-handloom"
7426083160253,"Orange Cat Handloom","https://maisonsunny.com.au/products/orange-cat-handloom"
7426083389629,"Colourful Bird Handloom","https://maisonsunny.com.au/products/colourful-bird-handloom"
7426083651773,"Frankie Frog Handloom Soft Toy","https://maisonsunny.com.au/products/yellow-frog-handloom"
7433342255293,"Shelby Snail Handloom Soft Toy","https://maisonsunny.com.au/products/frankie-frog-handloom-soft-toy"
7434313892029,"Rainbow Felt Trivet","https://maisonsunny.com.au/products/rainbow-felt-trivet"
7435568087229,"Maison Sunny Unisex Adult Black One Sunny Day T-Shirt","https://maisonsunny.com.au/products/maison-sunny-adult-sunny-day-unisex-black-t-shirt"
7436242092221,"Bright Baby Handmade Mini Mobile","https://maisonsunny.com.au/products/bright-betty-bear-handmade-mini-mobile"
7436352946365,"Waterproof Kids Sage Green Overalls Size 5-6","https://maisonsunny.com.au/products/waterproof-kids-sage-green-overalls-size-5-6"
7436354027709,"Kids Waterproof Clay Pink Overalls","https://maisonsunny.com.au/products/rainkoat-lightweight-waterproof-clay-overalls"
7436354289853,"Storm Blue Waterproof Kids Overalls","https://maisonsunny.com.au/products/rainkoat-kids-overalls-storm-blue-maisonsunny-com-au"
7436356124861,"Clay Pink Stripy Sailor Kids Waterproof Jacket Size 3-4 y Only","https://maisonsunny.com.au/products/clay-pink-stripy-sailor-kids-waterproof-jacket-size-0-1-y-1-2-y-and-3-4-y-only"
7436356878525,"Sage Green Stripy Sailor Waterproof Kids Raincoat Size 0-1 y Only","https://maisonsunny.com.au/products/sage-green-stripy-sailor-waterproof-kids-raincoat-size-0-1y-and-1-2y-only"
7436357075133,"Storm Blue Stripy Sailor Waterproof Kids Raincoat","https://maisonsunny.com.au/products/rainkoat-waterproof-storm-blue-stripy-sailor-kids-jacket"
7436357304509,"Waterproof Baby Bib in Green, Pink or Blue Size M","https://maisonsunny.com.au/products/rainkoat-clay-bib-size-m-sage-clay-blue"
7436683641021,"Busy Bee Felt Mobile","https://maisonsunny.com.au/products/busy-bee-felt-mobile"
7436894666941,"Bonikka Baby Jayden Handmade Doll","https://maisonsunny.com.au/products/bonikka-baby-jayden-handmade-doll"
7436907118781,"Bonikka Organic Angelina Fairy Doll","https://maisonsunny.com.au/products/bonikka-organic-angelina-fairy-doll"
7436913148093,"Bonikka Organic Lily Handmade Doll","https://maisonsunny.com.au/products/bonikka-organic-lily-handmade-doll"
7436916097213,"Bonikka Alicia Handmade Doll","https://maisonsunny.com.au/products/bonikka-alicia-trio-handmade-doll"
7436918653117,"Amazing Oceans Activity Fabric Baby Book","https://maisonsunny.com.au/products/amazing-oceans-fabric-baby-book"
7436926714045,"Djeco Tiny Beads Activity Set","https://maisonsunny.com.au/products/djeco-tiny-beads-activity-set"
7436928286909,"Le Toy Van Yellow Petilou Camera","https://maisonsunny.com.au/products/le-toy-van-yellow-petilou-camera"
7436930089149,"Sunny Day Wicker Shopping Basket Set","https://maisonsunny.com.au/products/sunny-days-wicker-shopping-basket-set"
7438374338749,"Felt Animal Purse for Keepsake Items","https://maisonsunny.com.au/products/felt-animal-purse"
7438374469821,"Cute Baby Bear Shoes Size 24","https://maisonsunny.com.au/products/bear-shoes"
7438374600893,"Felt Rainbow Garland","https://maisonsunny.com.au/products/felt-rainbow-garland"
7438374928573,"Felt Coaster","https://maisonsunny.com.au/products/felt-rainbow-festival-coaster-set"
7438377910461,"Felt Animals Finger Puppet Single","https://maisonsunny.com.au/products/felt-hand-puppet-single"
7440475422909,"Funky Kids Summer Singlet","https://maisonsunny.com.au/products/funky-kids-singlets"
7440477225149,"Funky Kids T-shirt and Short Set","https://maisonsunny.com.au/products/funky-kids-summer-singlet-set"
7440477847741,"Funky Kids T-Shirt","https://maisonsunny.com.au/products/funky-kids-t-shirts"
7440479125693,"Funky Kids T-Shirt and Short Set","https://maisonsunny.com.au/products/funky-kids-t-shirt-and-short-set"
7440479944893,"Funky Baby Overalls","https://maisonsunny.com.au/products/funky-baby-overalls"
7440480043197,"Funky Kids Dress","https://maisonsunny.com.au/products/funky-kids-dress"
7440818143421,"Bodebene Freya Blue Hand Smocked Dress with Pink Rose SIZE 2-3 years only","https://maisonsunny.com.au/products/bodebene-freya-blue-hand-smocked-dress-with-pink-rose-size-2-3-years-only"
7440820404413,"Bodebene Freya Blue Floral Hand Smocked Dress SIZE 2-3 years only","https://maisonsunny.com.au/products/bodebene-freya-blue-floral-hand-smocked-dress-size-2-3-years-only"
7440836493501,"Bodebene Freya Grey Hand Smocked Dress SIZE 2-3 years only","https://maisonsunny.com.au/products/bodebene-freya-grey-hand-smocked-dress-size-2-3-years-only"
7440839016637,"Bodebene Freya Yellow Floral With Purple Hand Smocked Dress 9-12m Only","https://maisonsunny.com.au/products/bodebene-freya-yellow-floral-with-purple-hand-smocked-dress"
7440848322749,"Bodebene Freya Pastal Flowers Hand Smocked Dress SIZE 0-3m Only","https://maisonsunny.com.au/products/bodebene-freya-pastal-flowers-hand-smocked-dress"
7440849174717,"Bodebene Elea Collared Dark Pink Puffed Sleeve Hand Smocked Dress 9-12m Only","https://maisonsunny.com.au/products/bodebene-elea-collared-dark-pink-puffed-sleeve-hand-smocked-dress"
7440850256061,"Bodebene Elea Collared Dusty Pink Puffed Sleeve Hand Smocked Dress","https://maisonsunny.com.au/products/bodebene-elea-collared-peachy-pink-puffed-sleeve-hand-smocked-dress"
7440850944189,"Bodebene Margot Pink Floral Puffed Sleeve Hand Smocked Dress 0-3 M Only","https://maisonsunny.com.au/products/bodebene-margot-pink-floral-puffed-sleeve-hand-smocked-dress"
7440851140797,"Bodebene Margot Blue with Pink Puffed Sleeve Hand Smocked Dress 0-3m Only","https://maisonsunny.com.au/products/bodebene-margot-blue-with-pink-puffed-sleeve-hand-smocked-dress"
7440851337405,"Bodebene Elsie Blue with Butterfly Sleeve Hand Smocked Dress 4-5y only","https://maisonsunny.com.au/products/bodebene-elsie-blue-with-butterfly-sleeve-hand-smocked-dress"
7440852222141,"Bodebene Margot Blue with Pink Flowers Puffed Sleeve Hand Smocked Dress 18-24m Only","https://maisonsunny.com.au/products/bodebene-margot-blue-with-white-flowers-puffed-sleeve-hand-smocked-dress"
7440854581437,"Bodebene Amelie Dress with Shoulder Straps","https://maisonsunny.com.au/products/bodebene-amelie-dress-with-shoulder-straps"
7440858448061,"Maison Sunny Baby Swaddling Blanket Wrap","https://maisonsunny.com.au/products/maison-sunny-baby-swaddling-blanket-wrap"
7440858972349,"Maison Sunny Baby Bib","https://maisonsunny.com.au/products/maison-sunny-baby-bib"
7440860283069,"Maison Sunny Cuddly Day Hooded Towel","https://maisonsunny.com.au/products/maison-sunny-cuddly-day-hooded-towel"
7440861692093,"Bodebene Baby Classic Baby Two Piece: Peter Pan Collar Shirt and Short Suit Set","https://maisonsunny.com.au/products/bodebene-baby-classic-baby-two-piece-peter-pan-collar-shirt-and-short-suit-set"
7440862576829,"Bodebene Baby Blue Cutwork Dress with Bloomer Newborn 0-3","https://maisonsunny.com.au/products/bodebene-baby-cutwork-dress-with-bloomer"
7440863199421,"Bodebene Baby Classic Gingham Dress","https://maisonsunny.com.au/products/bodebene-baby-classic-gingham-dress"
7440863264957,"Bodebene Girls Newborn Jumpsuit in Red Print","https://maisonsunny.com.au/products/bodebene-girls-newborn-jumpsuit-in-red-print"
7442176442557,"Elephant Handloom Soft Toy","https://maisonsunny.com.au/products/copy-of-shelby-snail-handloom-soft-toy"
7442176934077,"Handloom toys small","https://maisonsunny.com.au/products/handloom-toys-small"
7442177130685,"Mini cards for Every Occasion","https://maisonsunny.com.au/products/mini-cards"
7442177654973,"Handloom Rabbit Monster","https://maisonsunny.com.au/products/handloom-monster"
7442177753277,"Multicoloured handmade Fish","https://maisonsunny.com.au/products/multicoloured-fish"
7442177851581,"Handmade Felt Pineapple","https://maisonsunny.com.au/products/handmade-felt-pineapple"
7442447892669,"Albetta Baby Doll Carrier","https://maisonsunny.com.au/products/baby-doll-carrier"
7442448154813,"Albetta Crochet Wild Animals Babygro Romper","https://maisonsunny.com.au/products/crochet-wild-animals-babygro-romper"
7442448318653,"Albetta Crochet Bee Bark Towelling Babygro Romper","https://maisonsunny.com.au/products/crochet-bee-bark-towelling-babygro-romper"
7442448548029,"Albetta Crochet Rocket Babygro Romper","https://maisonsunny.com.au/products/crochet-rocket-babygro-romper"
7442448613565,"Albetta Crochet Estelle Eli Babygro Romper","https://maisonsunny.com.au/products/crochet-estelle-eli-babygro-romper"
7442448711869,"Albetta Crochet Owl Stripe Babygro Romper","https://maisonsunny.com.au/products/crochet-owl-stripe-babygro-romper"
7442448842941,"Albetta Crochet Leo Lion Grey Stripe Babygro Romper","https://maisonsunny.com.au/products/crochet-leo-lion-grey-stripe-babygro-romper"
7442449334461,"Albetta Crochet Rainbow Blue marl Stripe Babygro Romper","https://maisonsunny.com.au/products/crochet-rainbow-blue-marl-stripe-babygro-romper"
7442450153661,"Albetta Crochet Panda Babygro Romper","https://maisonsunny.com.au/products/crochet-panda-babygro-romper"
7442450219197,"Albetta Crochet Croco Casey Babygro Romper","https://maisonsunny.com.au/products/crochet-croco-casey-babygro-romper"
7442450546877,"Albetta Crochet Peanut the Puppy Babygro Romper","https://maisonsunny.com.au/products/crochet-peanut-the-puppy-babygro-romper"
7442450612413,"Albetta Rocket Cuddle Toy","https://maisonsunny.com.au/products/rocket-cuddle-toy"
7442450645181,"Albetta Peanut the Puppy Cuddle Toy","https://maisonsunny.com.au/products/peanut-the-puppy-cuddle-toy"
7442450776253,"Albetta Samuel Towelling Cuddle","https://maisonsunny.com.au/products/samuel-towelling-cuddle"
7442450874557,"Albetta Estelle Towelling Cuddle","https://maisonsunny.com.au/products/estelle-towelling-cuddle"
7442450972861,"Albetta Leo Towelling Cuddle","https://maisonsunny.com.au/products/leo-towelling-cuddle"
7442451071165,"Albetta French Terry w/ Toy Dungaree Set","https://maisonsunny.com.au/products/french-terry-w-toy-dungaree-set-romper"
7442451431613,"Albetta Crochet Owl Rattle Toy","https://maisonsunny.com.au/products/crochet-owl-rattle-toy"
7442451529917,"Albetta Crochet Bunny Rattle Toy","https://maisonsunny.com.au/products/crochet-bunny-rattle-toy"
7442451595453,"Albetta Crochet Panda Rattle Toy","https://maisonsunny.com.au/products/crochet-panda-rattle-toy"
7442455527613,"Albetta Crochet Rocket Ring Rattle","https://maisonsunny.com.au/products/crochet-rocket-ring-rattle"
7442455593149,"Albetta Crochet Rainbow Ring Rattle","https://maisonsunny.com.au/products/crochet-rainbow-ring-rattle"
7442455789757,"Albetta Wild Animals Activity Ring Rattle","https://maisonsunny.com.au/products/wild-animals-activity-ring-rattle"
7442455855293,"Albetta Crochet Leo Lion Stick Rattle","https://maisonsunny.com.au/products/crochet-leo-lion-stick-rattle"
7442455986365,"Albetta Carter Linen Cat Toy w/ Sleeping Bag","https://maisonsunny.com.au/products/carter-linen-cat-toy-w-sleeping-bag"
7442458116285,"Albetta Doug Linen Dog Toy w/ Sleeping Bag","https://maisonsunny.com.au/products/doug-linen-dog-toy-w-sleeping-bag"
7442460508349,"Albetta Crochet Croco Casey Rattle Toy","https://maisonsunny.com.au/products/crochet-croco-casey-rattle-toy"
7442460803261,"Albetta 1st Year Birthday Bunny Toy","https://maisonsunny.com.au/products/1st-year-birthday-bunny-toy"
7442460999869,"Albetta 2nd Year Birthday Bunny Toy","https://maisonsunny.com.au/products/2nd-year-birthday-bunny-toy"
7442461425853,"Albetta 3rd Year Birthday Bunny Toy","https://maisonsunny.com.au/products/3rd-year-birthday-bunny-toy"
7442461556925,"Albetta Mummy Sheep Towelling Toy","https://maisonsunny.com.au/products/mummy-sheep-towelling-toy"
7442462507197,"Albetta 1st Year Birthday Jersey Doll","https://maisonsunny.com.au/products/1st-year-birthday-jersey-doll"
7442462834877,"Albetta 2nd Year Birthday Jersey Doll","https://maisonsunny.com.au/products/2nd-year-birthday-jersey-doll"
7442463457469,"Albetta 3rd Year Birthday Jersey Doll","https://maisonsunny.com.au/products/3rd-year-birthday-jersey-doll"
7442463785149,"Albetta Bunny Baby Sleepyhead Cuddle Doll Set","https://maisonsunny.com.au/products/bunny-baby-sleepyhead-cuddle-doll-set"
7442464997565,"Albetta Baby Sleeping Set","https://maisonsunny.com.au/products/baby-sleeping-set"
7442466144445,"Albetta Leo Lion Muslin Cuddle Toy","https://maisonsunny.com.au/products/leo-lion-gauze-cuddle-toy"
7442466603197,"Albetta Estelle Eli Muslin Cuddle Toy","https://maisonsunny.com.au/products/estelle-eli-gauze-cuddle-toy"
7442651644093,"Baby Singlet Top with embroidery blue or peach","https://maisonsunny.com.au/products/funky-baby-singlet-top-with-embroidery"
7442654691517,"Bodebene Freya Blue Rose Hand Smocked Dress SIZE 2-3 years only","https://maisonsunny.com.au/products/bodebene-freya-blue-rose-hand-smocked-dress-size-2-3-years-only"
7442655150269,"Bodebene Baby Noe Striped Overall One Piece Romper 6-12m Only","https://maisonsunny.com.au/products/bodebene-baby-noe-striped-overall-one-piece-romper"
7443971735741,"Funky Baby Set","https://maisonsunny.com.au/products/funky-baby-set"
7444361806013,"Christening dress","https://maisonsunny.com.au/products/christening-dress"
7454014308541,"Luxe Kids Gift Set","https://maisonsunny.com.au/products/luxe-kids-gift-set"
7454017257661,"Mini Luxe Kids Gift Set","https://maisonsunny.com.au/products/mini-luxe-kids-gift-set"
7454017355965,"Boho Kids Gift Set","https://maisonsunny.com.au/products/love-kids-gift-set"
7454017814717,"Read Kids Gift Set","https://maisonsunny.com.au/products/read-kids-gift-set"
7454018175165,"Love Kids Gift Set","https://maisonsunny.com.au/products/love-kids-gift-set-1"
7454018306237,"Cute! Kids Gift Set","https://maisonsunny.com.au/products/cute-kids-gift-set"
7454018339005,"Play! Kids Gift Set","https://maisonsunny.com.au/products/play-kids-gift-set"
7454258430141,"Hunt Kids Gift Set","https://maisonsunny.com.au/products/hunt-kids-gift-set"
7454259052733,"Cuddle Kids Gift Set","https://maisonsunny.com.au/products/cuddle-kids-gift-set"
7454934433981,"Felt Animals Finger Puppet Bundle - 5","https://maisonsunny.com.au/products/felt-animals-finger-puppet-bundle-5"
7457102004413,"Newborn Gift Box","https://maisonsunny.com.au/products/first-birthday-gift-box"
7457102102717,"First Birthday Gift Box Suits 6-12 months","https://maisonsunny.com.au/products/first-birthday-gift-box-suits-6-12-months"
7460471570621,"Book Misc","https://maisonsunny.com.au/products/book-misc"
7460471996605,"Baby Milestone Cards","https://maisonsunny.com.au/products/baby-cards"
7460472881341,"Fox and Fallow Baby Book","https://maisonsunny.com.au/products/baby-book"
7460484251837,"Small Game and Toy","https://maisonsunny.com.au/products/small-game"
7460484710589,"Funky Tops","https://maisonsunny.com.au/products/5-tops"
7460485202109,"Funky Top and Bottom Set","https://maisonsunny.com.au/products/10-tops"
7460954931389,"Ponchik Set","https://maisonsunny.com.au/products/ponchik-set"
7460954996925,"Large Game and Toy - Ludo","https://maisonsunny.com.au/products/large-game-and-toy"
7462806585533,"Albetta box","https://maisonsunny.com.au/products/albetta-box"
7465448964285,"Handloom Colour Rush Trivet","https://maisonsunny.com.au/products/handloom-coaster"
7465451749565,"Save the Turtles Play Pouch","https://maisonsunny.com.au/products/save-the-turtles-play-mat"
7465475571901,"Handloom Kids Elephant Backpack","https://maisonsunny.com.au/products/handloom-kids-elephant-backpack"
7465478881469,"Handloom Kids Monkey Backpack","https://maisonsunny.com.au/products/handloom-kids-monkey-backpack"
7465479667901,"Handloom Purse","https://maisonsunny.com.au/products/handloom-purse"
7468642074813,"Save The Bees Handloom Fabric Baby Book","https://maisonsunny.com.au/products/save-the-bees-handloom-fabric-baby-book"
7468642238653,"Animals Teach Me Handloom Fabric Baby Book","https://maisonsunny.com.au/products/animals-teach-me-handloom-fabric-baby-book"
7468645253309,"Hand Made Peel-able Crochet Banana","https://maisonsunny.com.au/products/hand-made-peel-able-crochet-banana"
7468646727869,"Hand Made Crochet Avocado","https://maisonsunny.com.au/products/hand-made-crochet-avocado"
7468647973053,"Hand Made Crochet Kiwi Fruit","https://maisonsunny.com.au/products/hand-made-crochet-kiwi-fruit"
7468648038589,"Hand Made Crochet Apple","https://maisonsunny.com.au/products/hand-made-crochet-apple"
7468648169661,"Hand Made Crochet Carrot","https://maisonsunny.com.au/products/hand-made-crochet-carrot"
7468648300733,"Hand Made Dragon Fruit","https://maisonsunny.com.au/products/copy-of-hand-made-crochet-carrot"
7468648366269,"Hand Made Crochet Pineapple","https://maisonsunny.com.au/products/hand-made-crochet-pineapple"
7468648628413,"Hand Made Crochet Orange","https://maisonsunny.com.au/products/hand-made-crochet-orange"
7468648726717,"Hand Made Crochet Pomelo","https://maisonsunny.com.au/products/chand-made-crochet-pomelo"
7468648759485,"Hand Made Crochet Cake Slice","https://maisonsunny.com.au/products/hand-made-crochet-cake"
7468649251005,"Hand Made Dreamy Dream Catcher Crochet Key Ring","https://maisonsunny.com.au/products/hand-made-dreamy-dream-catcher-crochet-key-ring"
7485928898749,"Natural Storm Grey and Neutral Beige Boho Macrame Rainbow","https://maisonsunny.com.au/products/macrame-rainbow"
7485929062589,"Small Light Brown or Beige Boho Macrame Rainbow Baby Mobile","https://maisonsunny.com.au/products/macrame-rainbow-mobile"
7485929881789,"Large Natural Boho Rainbow Macrame Baby Mobile","https://maisonsunny.com.au/products/large-natural-boho-rainbow-macrame-baby-mobile"
7485930078397,"Boho Blush Pink Macrame Rainbow Wall Hanging Baby Mobile","https://maisonsunny.com.au/products/boho-blush-pink-macrame-rainbow-wall-hanging-baby-mobile"
7485930504381,"Boho Rainbow Macrame Key Chain","https://maisonsunny.com.au/products/macrame-rainbow-key-chain"
7489649082557,"Funky Linen Shirt","https://maisonsunny.com.au/products/linen-shirt"
7489649115325,"Funky Linen Short","https://maisonsunny.com.au/products/linen-short"
7489649213629,"Toys and Games","https://maisonsunny.com.au/products/toys-and-games"
7490372567229,"Retro T-shirt and shorts Sports Set","https://maisonsunny.com.au/products/retro-sports-set"
7497232842941,"Gold Plated Petit Flower Earrings with Citrine Yellow, Amethyst Purple and Garnet Dark Pink","https://maisonsunny.com.au/products/gold-plated-petit-flower-earrings-with-citrine-amethyst-and-garnet"
7497233465533,"Silver Petit Flower Earrings with Citrine Yellow, Amethyst Purple and Garnet Dark Pink","https://maisonsunny.com.au/products/silver-petit-flower-earrings-with-citrine-yellow-amethyst-purple-and-garnet-dark-pink"
7497233629373,"Silver Wild Flower Earrings with Citrine Yellow, Amethyst Purple, Garnet Dark Pink, Hessinite Garnet and Peridot Green","https://maisonsunny.com.au/products/silver-wild-flower-earrings-with-citrine-yellow-amethyst-purple-garnet-dark-pink-and-peridot-green"
7497497379005,"Crochet Baby Rattle Toy","https://maisonsunny.com.au/products/crochet-baby-rattle-toy"
7497503867069,"Funky Shorts","https://maisonsunny.com.au/products/funky-shorts"
7497504325821,"Bodebene Baby Cole White Hand Smocked Blue Detail Suit With Hat","https://maisonsunny.com.au/products/copy-of-bodebene-baby-cole-white-hand-smocked-blue-detail-suit-with-hat"
7497506619581,"Bonikka Brenda Handmade Doll","https://maisonsunny.com.au/products/bonikka-alicia-handmade-doll"
7497509667005,"Handloom Fabric Bright Coloured StackingRings for Baby","https://maisonsunny.com.au/products/handloom-fabric-bright-coloured-rings-for-baby"
7497509765309,"Rattan Up and Away Pastel Green Baby Room Hot Air Balloon Decoration","https://maisonsunny.com.au/products/rattan-up-and-away-pastel-green-baby-room-hot-air-balloon-decoration"
7497510617277,"Felt Dreamy Ocean Play Mat","https://maisonsunny.com.au/products/felt-dreamy-ocean-play-mat"
7497515172029,"Little Christmas Hand Made Finger Puppet Set- On Card","https://maisonsunny.com.au/products/little-christmas-hand-made-finger-puppet-set-on-card"
7497515598013,"Handmade Crochet Christmas Reindeer Ornament","https://maisonsunny.com.au/products/handmade-reindeer-ornament"
7509879324861,"Tie Dye Set","https://maisonsunny.com.au/products/tiedye-set"
7509879357629,"Tie Dye Tshirt","https://maisonsunny.com.au/products/tie-dye-tshirt"
7509879390397,"Under pants 2 for 5","https://maisonsunny.com.au/products/under-pants"
7509984444605,"Tie Dye jumper","https://maisonsunny.com.au/products/tie-dye-jumper"
7509984510141,"Tie Dye tracksuit bottoms","https://maisonsunny.com.au/products/tie-dye-tracksuit-bottoms"
7541839298749,"Kids Funky Tshirt","https://maisonsunny.com.au/products/kids-funky-tshirt"
7559120486589,"Green Floral Hand Smocked Freya Dress Size 9-12M Only","https://maisonsunny.com.au/products/freya-green-floral-hand-smocked-dress-size-9-12m-2-3y-only"
7559122845885,"Coral / Blue Floral Hand Smocked Margot Dress with Puffed Sleeve- 0-3m & 9-12m Only","https://maisonsunny.com.au/products/coral-blue-floral-hand-smocked-margot-dress-with-puffed-sleeve"
7559123435709,"Peach & Mint Green Floral Hand Smocked Freya Dress 0-3m & 9-12m Only","https://maisonsunny.com.au/products/freya-mint-green-floral-hand-smocked-dress"
7559123927229,"Blue Floral Hand Smocked Margot Dress with Puffed Sleeves","https://maisonsunny.com.au/products/blue-floral-hand-smocked-margot-dress-with-puffed-sleeves"
7559124517053,"Hot Pink Floral Hand Smocked Freya Dress- 0-3m and 9-12m Only","https://maisonsunny.com.au/products/hot-pink-floral-hand-smocked-freya-dress"
7559125205181,"Baby Pink Floral Hand Smocked Margot Dress with Puffed Sleeve 6-9m & 9-12m Only","https://maisonsunny.com.au/products/baby-pink-floral-hand-smocked-margot-dress-with-puffed-sleeve"
7559127695549,"Classic Grey Hand Smocked Grace Dress","https://maisonsunny.com.au/products/classic-grey-hand-smocked-grace-dress"
7559128547517,"Forrest Green Hand Smocked Grace Dress 0-3m only","https://maisonsunny.com.au/products/forrest-green-hand-smocked-grace-dress-1"
7559143620797,"Pink / White Floral Hand Smocked Grace Dress","https://maisonsunny.com.au/products/white-pink-floral-hand-smocked-grace-dress"
7559143850173,"Blue Waffle Hand Smocked Grace Dress - 0-3m Only","https://maisonsunny.com.au/products/blue-waffle-hand-smocked-grace-dress"
7559144177853,"Blue / Pink Flutterfly Print Hand Smocked Grace Dress- 6-9m Only","https://maisonsunny.com.au/products/blue-pink-butterfly-print-hand-smocked-grace-dress"
7559145390269,"Ahoy Little Sailor Baby Romper","https://maisonsunny.com.au/products/ahoy-little-sailor-baby-romper"
7567928950973,"Hoops and Dreams Black Limited Edition T-Shirt","https://maisonsunny.com.au/products/hoops-and-dreams-black-limited-edition-t-shirt"
7567929180349,"Orange Glow Up Club Limited Edition T-Shirt","https://maisonsunny.com.au/products/orange-glow-up-club-limited-edition-t-shirt"
7567929245885,"Self Love Era Limited Edition T-Shirt","https://maisonsunny.com.au/products/self-love-era-limited-edition-t-shirt"
7567929278653,"Batting Beyond Average Limited Edition T-Shirt","https://maisonsunny.com.au/products/batting-beyond-average-limited-edition-t-shirt"
7567929344189,"ChillSeeker Blue Limited Edition T-Shirt","https://maisonsunny.com.au/products/chillseeker-blue-limited-edition-t-shirt"
7591772881085,"Little Princess Finger Puppet Set 5 pcs","https://maisonsunny.com.au/products/little-princess-finger-puppet-set-5-pcs"
7591776911549,"Little Animal Set Finger Puppet Set 7 pcs","https://maisonsunny.com.au/products/little-animal-set-finger-puppet-set-7-pcs"
7591777239229,"Little Farm Animals Finger Puppet Set 5 pcs","https://maisonsunny.com.au/products/little-farm-animals-set-finger-puppet-set-5-pcs"
7633233084605,"Tie Dye Girls New Year Suit Set- Small size only","https://maisonsunny.com.au/products/tie-dye-girls-new-year-suit-set"
7633233313981,"Tie Dye Boys New Year Suit Set","https://maisonsunny.com.au/products/tie-dye-boys-new-year-suit-set"
7638671687869,"Floral Blue Boys New Year Suit Set","https://maisonsunny.com.au/products/floral-blue-boys-new-year-suit-set"
7638672572605,"Floral Blue Girls New Year Suit Set","https://maisonsunny.com.au/products/floral-blue-girls-new-year-suit-set"
7649886175421,"Cute Djeco Ink Pad Personalised Message Stamps for Kids","https://maisonsunny.com.au/products/cute-djeco-ink-pad-personalised-message-stamps-for-kids"
7649886535869,"Tinyly Bracelet for Kids - Berry or Joe Bracelet","https://maisonsunny.com.au/products/stationary-pen-crayon-set"
7661209616573,"Colourful Djeco Origami Craft Set - Tropics","https://maisonsunny.com.au/products/colourful-djeco-origami-craft-set-tropics"
7661210468541,"Djeco Origami Kit - Fortune Tellers","https://maisonsunny.com.au/products/djeco-origami-kit-fortune-tellers"
7661224362173,"Djeco Flying Sofye Create a Cartoon Craft Kit","https://maisonsunny.com.au/products/djeco-flying-sofye-create-a-cartoon-craft-kit"
7661230293181,"Creative Colourful Djeco Fanciful Painted Card Making Set","https://maisonsunny.com.au/products/creative-colourful-djeco-fanciful-painted-card-making-set"
7661682163901,"Beautiful Djeco Origami Kit - Small Boxes","https://maisonsunny.com.au/products/beautiful-djeco-origami-kit-small-boxes"
7661683245245,"Waterproof Origami Boats on the Water Djeco Origami Kit","https://maisonsunny.com.au/products/waterproof-origami-boats-on-the-water-djeco-origami-kit"
7661683933373,"Creative Colourful Djeco Do It Yourself Space Mosaic Photo Frame Kit","https://maisonsunny.com.au/products/creative-colourful-djeco-do-it-yourself-mosaic-photo-frame-kit"
7661702971581,"Djeco Lovely Paper Range Rainbow Gel Pens - Set of 6","https://maisonsunny.com.au/products/djeco-lovely-paper-rainbow-gel-pens-set-of-6"
7661705461949,"Djeco Lovely Paper Range Fluro crayons - Set of 5","https://maisonsunny.com.au/products/djeco-lovely-paper-range-fluro-crayons-set-of-5"
7661708312765,"Djeco Magic Felt Tip Pens Set of 10","https://maisonsunny.com.au/products/djeco-magic-felt-tip-pens-set-of-10"
7661718569149,"Djeco Magic Invisible Ink Pen","https://maisonsunny.com.au/products/djeco-magic-pen"
7836801597629,"Sienna Twirl-Worthy Twirl Dress","https://maisonsunny.com.au/products/sienna-twirl-worthy-twirl-dress-1"
7836804776125,"Harper Playful Days Summer Playsuit","https://maisonsunny.com.au/products/harper-playful-days-summer-playsuit"
7836806283453,"Evelyn Funky Paisley Dress","https://maisonsunny.com.au/products/evelyn-funky-paisley-dress"
7836807332029,"Evelyn Sweetheart Valentine's Day Dress","https://maisonsunny.com.au/products/evelyn-sweetheart-valentines-day-dress"
7836811755709,"Evelyn Floral Delight Dress","https://maisonsunny.com.au/products/evelyn-floral-delight-dress"
7836812181693,"Ellie Easy Breezy Summer Dress","https://maisonsunny.com.au/products/ellie-easy-breezy-summer-dress"
7836813656253,"Jesse Blue Gingham Classic Style Linen Shirt","https://maisonsunny.com.au/products/jesse-blue-gingham-classic-style-linen-shirt"
7837521182909,"Jesse Shirt Purple Paisley","https://maisonsunny.com.au/products/jesse-shirt-purple-paisley"
7837559226557,"Jesse Sweetheart Classic Style Linen Shirt","https://maisonsunny.com.au/products/jesse-sweetheart-classic-style-linen-shirt"
7837560733885,"Stevie Comfy Cotton Crewneck Tee","https://maisonsunny.com.au/products/stevie-comfy-cotton-crewneck-tee"
7837562110141,"Rory Summertime Stylish Unisex Linen Shorts","https://maisonsunny.com.au/products/rory-summertime-stylish-unisex-linen-shorts-little-treasure"
7837563683005,"Riley Blue Gingham Fun Overalls- One Piece Left: Size 2 -3y Only","https://maisonsunny.com.au/products/riley-blue-gingham-fun-overalls"
7837859250365,"Riley Cozy Beige Baby Overalls","https://maisonsunny.com.au/products/riley-cozy-beige-overalls"
7837860298941,"Riley Striped Adventure Baby Overalls","https://maisonsunny.com.au/products/riley-striped-adventure-overalls"
7837860626621,"Lucy Playful Cotton Baby Romper in Peach","https://maisonsunny.com.au/products/lucy-playful-cotton-romper"
7837861052605,"Emerson Blue Breezy Summer Baby Romper","https://maisonsunny.com.au/products/emerson-blue-breezy-summer-romper"
7837862133949,"Emerson Sunny Yellow Summer Baby Romper- One Piece Left 18-24m","https://maisonsunny.com.au/products/emerson-sunny-yellow-summer-romper"
7837862789309,"Amelia Floral Fun Cotton Baby Romper Dress","https://maisonsunny.com.au/products/amelia-floral-fun-cotton-romper-dress"
7837864591549,"Amelia Sweetheart Valentine's Day Cotton Baby Romper Dress","https://maisonsunny.com.au/products/amelia-sweetheart-valentines-day-cotton-romper-dress"
7837879402685,"Little Treasures Scrunchie","https://maisonsunny.com.au/products/little-treasures-scrunchie"
7837879435453,"Little Treasures Bag","https://maisonsunny.com.au/products/little-treasures-bag"
7837893198013,"Sunny Kids Pre-Loved - Alphabet Soup Shirt Size 10","https://maisonsunny.com.au/products/sunny-kids-pre-loved-collection"
7837916233917,"Sunny Kids Pre-Loved - Scotch and Soda Check Shirt Size 10","https://maisonsunny.com.au/products/sunny-kids-pre-loved-collection-scotch-and-soda-check-shirt-size-10"
7837916954813,"Sunny Kids Pre-Loved - Mini Rodini Edelweiss Short Sleeve Shirt Size 8-9","https://maisonsunny.com.au/products/sunny-kids-pre-loved-collection-mini-rodini-edelweiss-shirt-size-8-9"
7837923639485,"Sunny Kids Pre-Loved - Oas Terry Cotton Shirt Size 12","https://maisonsunny.com.au/products/sunny-kids-pre-loved-oas-terry-cotton-shirt-size-12"
7837926588605,"Sunny Kids Pre-Loved - Poivre Blanc Light Blue Fleece Jumper Size 12","https://maisonsunny.com.au/products/sunny-kids-pre-loved-poivre-blanc-light-blue-fleece-jumper-size-12"
7837927407805,"Sunny Kids Pre-Loved - Patagonia Khaki Adjustable Pants Size L ( suits 8-10)","https://maisonsunny.com.au/products/sunny-kids-pre-loved-mng-green-cord-pants-size-10"
7837928620221,"Sunny Kids Pre-Loved - Ebbe Organic Peach Adjustable Pants Size 134 ( Suits 7-9 years)","https://maisonsunny.com.au/products/sunny-kids-pre-loved-patagonia-khaki-adjustable-pants-size-l-suits-8-10-copy"
7837929963709,"Sunny Kids Pre-Loved - Band of Boys Oat Chino Pants Size 12","https://maisonsunny.com.au/products/sunny-kids-pre-loved-band-of-boys-oat-chino-pants-size-12"
7837930651837,"Sunny Kids Pre-Loved - Nukutavake Grey Adjustable Pants Size 12","https://maisonsunny.com.au/products/sunny-kids-pre-loved-nukutavake-grey-adjustable-pants-size-12"
7837931045053,"Sunny Kids Pre-Loved - Rip Curl Long Sleeve/ Short Leg 2mm Wetsuit Size 10","https://maisonsunny.com.au/products/sunny-kids-pre-loved-rip-curl-long-sleeve-short-leg-2mm-wetsuit-size-10"
7837931733181,"Sunny Kids Pre-Loved - Stella McCartney Kids Adjustable Waist Swim shorts Size 10","https://maisonsunny.com.au/products/sunny-kids-pre-loved-stella-mccartney-kids-adjustable-waist-swim-shorts-size-10"
7837932126397,"Sunny Kids Pre-Loved - Stella McCartney Kids Long Sleeve RashGuard Size 10","https://maisonsunny.com.au/products/sunny-kids-pre-loved-stella-mccartney-kids-long-sleeve-rashguard-size-10"
7837932486845,"Sunny Kids Pre-Loved - Oas Pink Print Board Shorts Size 8","https://maisonsunny.com.au/products/sunny-kids-pre-loved-oas-pink-print-board-shorts-size-8"
7840214155453,"Parker Blue Long Sleeved PJ Pyjama Set","https://maisonsunny.com.au/products/parker-blue-long-sleeved-pyjama-pj-set"
7840218153149,"Alex Blue Short Sleeve PJ Pyjama Set","https://maisonsunny.com.au/products/alex-blue-short-sleeved-pj-pyjama-set"
7840219136189,"Hunter Orange Short Sleeve PJ Pyjama Set","https://maisonsunny.com.au/products/hunter-orange-short-sleeve-pj-pyjama-set"
7840219365565,"Avery Green Short Sleeve PJ Pyjama Set","https://maisonsunny.com.au/products/avery-green-short-sleeve-pj-pyjama-set"
7840225493181,"Skyler Orange Long Sleeved PJ Pyjama Set","https://maisonsunny.com.au/products/skyler-orange-long-sleeved-pyjama-set"
7843605479613,"Sunny Kids Pre-Loved -One Striped Baby Shorts Size 1","https://maisonsunny.com.au/products/sunny-kids-pre-loved-alphabet-soup-shirt-size-10-copy"
7843609608381,"Sunny Kids Pre-Loved - Pumpkin Patch Baby Shorts Size 12-18M","https://maisonsunny.com.au/products/sunny-kids-pre-loved-one-striped-baby-shorts-size-copy"
7843611017405,"Sunny Kids Pre-Loved - Country Road Baby Shorts Size 12-18M","https://maisonsunny.com.au/products/preloved-country-road-baby-shorts-12-18m"
7843612098749,"Sunny Kids Pre-Loved Seed Brand Baby Shorts Size 12-18M","https://maisonsunny.com.au/products/sunny-kids-pre-loved-seed-brand-baby-shorts-size-12-18m"
7843612197053,"Sunny Kids Pre-Loved -Decathlon Baby Pants Size 18M","https://maisonsunny.com.au/products/sunny-kids-pre-loved-seed-baby-shorts-size-12-18m-copy"
7843613737149,"Sunny Kids Pre-Loved -Seed Baby Striped Pants Size 12-18M","https://maisonsunny.com.au/products/sunny-kids-pre-loved-decathlon-baby-shorts-size-18m-copy"
7843615473853,"Sunny Kids Pre-Loved -Zara Baby Pants Size 12-18M","https://maisonsunny.com.au/products/sunny-kids-pre-loved-zara-baby-shorts-size-12-18m"
7843617013949,"Sunny Kids Pre-Loved -Jasper Jconran Striped Baby Shirt","https://maisonsunny.com.au/products/sunny-kids-pre-loved-jasper-jconran-striped-baby-shirt"
7849358000317,"Amelia Yellow Fun Cotton Baby Romper Dress - 6-12m Only","https://maisonsunny.com.au/products/amelia-yellow-fun-cotton-romper-dress"
7860081655997,"Sunny Kids Pre-Loved - Sunuva Fluro Yellow Boys Swimshorts Size 5-6","https://maisonsunny.com.au/products/sunny-kids-pre-loved-swimshorts"
7860096630973,"Sunny Kids Pre-Loved - Sunuva Fluro Yellow Boys Swim shorts Size 5-6","https://maisonsunny.com.au/products/sunny-kids-pre-loved-sunuva-fluro-yellow-boys-swimshorts-size-5-6-copy"
7860106592445,"Sunny Kids Pre-Loved - Country Road Red Pineapple Print Baby Swim Shorts Size 3- 6m","https://maisonsunny.com.au/products/sunny-kids-pre-loved-country-road-red-pineapple-baby-boys-swim-shorts-size-3-6m"
7860107903165,"Sunny Kids Pre-Loved - Seed Green Crab Print Baby Shorts Size 3- 6m","https://maisonsunny.com.au/products/sunny-kids-pre-loved-seed-green-crab-print-baby-boys-shorts-size-3-6m"
7860121829565,"Sunny Kids Pre-Loved - Seed Blue Retro Game Print Baby Boys Shorts Size 4","https://maisonsunny.com.au/products/sunny-kids-pre-loved-seed-blue-retro-game-print-baby-boys-shorts-size-4"
7860124418237,"Sunny Kids Pre-Loved - Seed Faded Colourful Ball Pring Baby Boys Shorts Size 4","https://maisonsunny.com.au/products/sunny-kids-pre-loved-seed-faded-colourful-ball-pring-baby-boys-shorts-size-4"
7860126220477,"Sunny Kids Pre-Loved - Seed Red Shorts Size 5","https://maisonsunny.com.au/products/sunny-kids-pre-loved-seed-red-baby-boys-shorts-size-5"
7860129464509,"Sunny Kids Pre-Loved - Zara Cream Linen Adjustable Waist Shorts Size 4","https://maisonsunny.com.au/products/sunny-kids-pre-loved-zara-cream-linen-adjustable-waist-shorts-size-5"
7860133068989,"Sunny Kids Pre-Loved - Bodebene Grey Linen Adjustable Waist Shorts Size 7 -8","https://maisonsunny.com.au/products/sunny-kids-pre-loved-bodebene-grey-linen-adjustable-waist-shorts-size-7-8"
7860135723197,"Sunny Kids Pre-Loved - Bodebene Chalk Cream Linen Adjustable Waist Shorts Size 7 -8","https://maisonsunny.com.au/products/sunny-kids-pre-loved-bodebene-chalk-cream-linen-adjustable-waist-shorts-size-7-8"
7860145160381,"Sunny Kids Pre-Loved - Seed Red Blue Stripe Shorts Size 4","https://maisonsunny.com.au/products/sunny-kids-pre-loved-seed-red-blue-stripe-shorts-size-4"
7860150108349,"Sunny Kids Pre-Loved - Mango Green Corduroy Pants Size 10","https://maisonsunny.com.au/products/sunny-kids-pre-loved-mango-green-corduroy-pants-size-10"
7861036089533,"Sunny Kids Pre-Loved - Cos Grey Stretch Jeans Size 2-4","https://maisonsunny.com.au/products/sunny-kids-pre-loved-cos-grey-stretch-jeans-size-2-4"
7861040152765,"Sunny Kids Pre-Loved - Cos Cream Chinos with Adjustable Waist Size 2-4","https://maisonsunny.com.au/products/sunny-kids-pre-loved-cos-cream-chinos-size-2-4"
7861050343613,"Sunny Kids Pre-Loved - Indie Industrie Kids Faded Light Red/ Dark Pink Stretch Jeans. Size 4","https://maisonsunny.com.au/products/sunny-kids-pre-loved-indie-kids-faded-light-red-dark-pink-stretch-jeans-size-4"
7861054308541,"Sunny Kids Pre-Loved - Country Road Baby Grey Stretch Waist Corduroy Pants. Size 12m- 18m","https://maisonsunny.com.au/products/sunny-kids-pre-loved-country-road-baby-grey-stretch-waist-corduroy-pants-size-12m-18m"
7861055783101,"Sunny Kids Pre-Loved - Zara Baby Grey Adjustable Waist Pants. Size 12m- 18m","https://maisonsunny.com.au/products/sunny-kids-pre-loved-zara-baby-grey-adjustable-waist-pants-size-12m-18m"
7861058109629,"Sunny Kids Pre-Loved - Next Navy Blue Baby Chino Pants Size 9m-12m","https://maisonsunny.com.au/products/sunny-kids-pre-loved-next-navy-blue-baby-chino-pants-size-9m-12m"
7861123055805,"Sunny Kids Pre-Loved - Seed Kids Pretzel T-shirt Size 3","https://maisonsunny.com.au/products/sunny-kids-pre-loved-seed-kids-pretzel-t-shirt-size-3"
7861228732605,"Sunny Kids Pre-Loved - Country Road Kids Yellow T-shirt Size 5","https://maisonsunny.com.au/products/sunny-kids-pre-loved-country-road-kids-yellow-t-shirt-size-5"
7861241610429,"Sunny Kids Pre-Loved - RockYourKid King of Clubs Size 5 Long Sleeve Top","https://maisonsunny.com.au/products/sunny-kids-pre-loved-rockyourkid-king-of-clubs-size-5-long-sleeve-top"
7862080241853,"Sunny Kids Pre-Loved - RockYourKid No Sleep Till Brooklyn Yellow and Black Size 6 Long Sleeve Top","https://maisonsunny.com.au/products/sunny-kids-pre-loved-rockyourkid-no-sleep-till-brooklyn-yellow-and-black-size-6-long-sleeve-top"
7862088007869,"Sunny Kids Pre-Loved - Kip & Co Long Sleeve Top, Black, Green, Pink and Blue Size 10","https://maisonsunny.com.au/products/sunny-kids-pre-loved-rockyourkid-no-sleep-till-brooklyn-yellow-and-black-size-6-long-sleeve-top-copy"
7862093283517,"Sunny Kids Pre-Loved - Zara Boys Blue T-shirt Size 4","https://maisonsunny.com.au/products/sunny-kids-pre-loved-kip-co-long-sleeve-top-black-green-pink-and-blue-size-10-copy"
7862104129725,"Sunny Kids Pre-Loved -RockYourKid Boys Blue T-shirt Size 5","https://maisonsunny.com.au/products/sunny-kids-pre-loved-rockyourkid-boys-blue-t-shirt-size-5"
7862106259645,"Sunny Kids Pre-Loved -Seed Pretzel Yellow T-shirt Size 8","https://maisonsunny.com.au/products/sunny-kids-pre-loved-seed-pretzel-yellow-t-shirt-size-8"
7862108717245,"Sunny Kids Pre-Loved -Mini Rodini Purple Poodle Kids T-shirt Size 8-9","https://maisonsunny.com.au/products/sunny-kids-pre-loved-mini-rodini-purple-poodle-kids-t-shirt-size-8-9"
7862111043773,"Sunny Kids Pre-Loved -Ouch Dinosaur T-shirt Kids T-shirt Size 6","https://maisonsunny.com.au/products/sunny-kids-pre-loved-ouch-dinosaur-t-shirt-kids-t-shirt-size-6"
7862112747709,"Sunny Kids Pre-Loved -Seed Statement Blue T-shirt Size 3","https://maisonsunny.com.au/products/sunny-kids-pre-loved-seed-statement-blue-t-shirt-size-3"
7862115991741,"Sunny Kids Pre-Loved - Kip and Co Blue Polo T-shirt, Never Worn With Tags Size 10","https://maisonsunny.com.au/products/sunny-kids-pre-loved-kip-and-co-blue-polo-t-shirt-never-worn-with-tags-size-10"
7862121038013,"Sunny Kids Pre-Loved - Stella Mc Cartney Tracksuit Pants Size 8 years","https://maisonsunny.com.au/products/sunny-kids-pre-loved-stella-mc-kartney-tracksuit-pants-size-8-years"
7862691070141,"Untitled Aug17_12:09","https://maisonsunny.com.au/products/untitled-aug17_12-09"
7863726473405,"Sunny Kids Pre-Loved - Nest Baby Shirt Chambray Blue Size 9-12m","https://maisonsunny.com.au/products/copy-sunny-kids-pre-loved-country-road-kids-yellow-t-shirt-size-5-copy"
7863726997693,"Sunny Kids Pre-Loved - Next Baby Shirt Whale Print Blue and White Size 1.5 -4 years","https://maisonsunny.com.au/products/sunny-kids-pre-loved-next-baby-shirt-whale-print-blue-and-white-size-1-5-2-years"
7863727227069,"Sunny Kids Pre-Loved - Ted Baker Kids Shirt Blue and White Car Print Size 5","https://maisonsunny.com.au/products/sunny-kids-pre-loved-next-baby-shirt-whale-print-blue-and-white-size-1-5-2-years-copy"
7863727423677,"Sunny Kids Pre-Loved - Seed Kids White Shirt with Tropical icon embroidery Size 5","https://maisonsunny.com.au/products/sunny-kids-pre-loved-seed-kids-white-shirt-with-tropical-icon-embroidery-size-5"
7863727587517,"Sunny Kids Pre-Loved - Carters Kids Blue and Orange Crab Print Shirt Size 5","https://maisonsunny.com.au/products/sunny-kids-pre-loved-seed-kids-white-shirt-with-tropical-icon-embroidery-size-6"
7863728111805,"Sunny Kids Pre-Loved - Nukutavake Light Green Kids Shirt Size 10","https://maisonsunny.com.au/products/sunny-kids-pre-loved-nukutavake-light-green-kids-shirt-size-10"
7863728701629,"Sunny Kids Pre-Loved - Ted Baker Kids Blue Short Sleeve Shirt Size 6","https://maisonsunny.com.au/products/sunny-kids-pre-loved-ted-baker-kids-blue-short-sleeve-shirt-size-5"
7863729193149,"Sunny Kids Pre-Loved - Jack and Milly Colourful Baby Cardigan Size 1","https://maisonsunny.com.au/products/sunny-kids-pre-loved-jack-and-milly-colourful-baby-cardigan-size-1"
7863729520829,"Sunny Kids Pre-Loved - Seed Grey Baby Cardigan with removable Beanie Size 6-12m","https://maisonsunny.com.au/products/sunny-kids-pre-loved-seed-grey-baby-cardigan-with-removable-beanie-size-6-12m"
7863730241725,"Sunny Kids Pre-Loved - Zara Grey Baby Cardigan Size 9-12m","https://maisonsunny.com.au/products/sunny-kids-pre-loved-zara-grey-baby-cardigan-size-9-12m"
7863731683517,"Sunny Kids Pre-Loved - Cos Grey Baby Jumper Size 2-4 y","https://maisonsunny.com.au/products/sunny-kids-pre-loved-cos-grey-baby-jumper-size-2-4-y"
7863733158077,"Sunny Kids Pre-Loved - Seed Navy Blue Fox Baby Jumper Size 6-12m","https://maisonsunny.com.au/products/sunny-kids-pre-loved-seed-navy-blue-fox-baby-jumper-size-6-12m"
7865449676989,"Sunny Kids Pre-Loved - Kathmandu Grey PackNGo Wet-weather Raincoat Size M - size 8-10","https://maisonsunny.com.au/products/sunny-kids-pre-loved-kathmandu-grey-packngo-wet-weather-raincoat-size-m-size-8-10"
7865450332349,"Sunny Kids Pre-Loved - Liverpool Red Nike Jacket Size M Suits 8-10","https://maisonsunny.com.au/products/sunny-kids-pre-loved-liverpool-red-nike-jacket-size-m-suits-8-10"
7865451937981,"Sunny Kids Pre-Loved - Milkshake Navy Blue Kids Puffy Gilet Vest Size 4","https://maisonsunny.com.au/products/sunny-kids-pre-loved-milkshake-navy-blue-kids-puffy-gilet-size-4"
7865453445309,"Sunny Kids Pre-Loved - Zara Baby Blue and White Cardigan Jacket Size 12/18","https://maisonsunny.com.au/products/sunny-kids-pre-loved-zara-baby-cardigan-jacket-size-12-18"
7865453936829,"Sunny Kids Pre-Loved - GAP Kids Denim Shirt Size 3 or Size 5","https://maisonsunny.com.au/products/sunny-kids-pre-loved-gap-kids-denim-shirt-size-3-or-size-5"
7865456066749,"Sunny Kids Pre-Loved - GAP Kids Long Sleeve White Tropical Motif Shirt Size 2","https://maisonsunny.com.au/products/sunny-kids-pre-loved-gap-kids-denim-shirt-size-3-or-size-5-copy"
7865457246397,"Sunny Kids Pre-Loved - Paul Smith Kids Long Sleeve White Shirt Food Print Size 12a","https://maisonsunny.com.au/products/sunny-kids-pre-loved-paul-smith-kids-long-sleeve-white-shirt-food-print-size-12a"
7865457508541,"Sunny Kids Pre-Loved - Seed Kids Long Sleeve Light Blue Chambray Shirt With Dog Print Size 7","https://maisonsunny.com.au/products/sunny-kids-pre-loved-seed-kids-long-sleeve-light-blue-chambray-shirt-with-dog-print-size-7"
7865457672381,"Sunny Kids Pre-Loved - Zara Baby Boy Shirt Blue Check Size 12/18m","https://maisonsunny.com.au/products/sunny-kids-pre-loved-zara-baby-boy-shirt-blue-check-size-12-18m"
7865457836221,"Sunny Kids Pre-Loved - Seed Baby Blue Stripe Suit and Pants Set Size 1-2","https://maisonsunny.com.au/products/sunny-kids-pre-loved-seed-baby-blue-stripe-suit-size-1-2"
7865459048637,"Sunny Kids Pre-Loved - Weekend House ( Barcelona Kids Brand) Green, Yellow Blue Chess Check Suit Size 11/12","https://maisonsunny.com.au/products/sunny-kids-pre-loved-weekend-house-barcelona-kids-brand-green-yellow-blue-chess-check-suit-size-11-12"
7865460162749,"Sunny Kids Pre-Loved - IKKS Lightening Flash Blue and Red Jacket Kids Brand Size 10","https://maisonsunny.com.au/products/sunny-kids-pre-loved-ikks-lightening-flash-blue-and-red-jacket-kids-brand-size-10"
7865461145789,"Sunny Kids Pre-Loved - Seed Baby Check Flannelette Romper Suit Size 6-12m","https://maisonsunny.com.au/products/sunny-kids-pre-loved-seed-baby-check-flannelette-romper-suit-size-6-12m"
7865462096061,"Sunny Kids Pre-Loved - Band of Boys Oatmeal Shirt Size 12 New With Tags","https://maisonsunny.com.au/products/sunny-kids-pre-loved-band-of-boys-oatmeal-shirt-size-12-new-with-tags"
7865957482685,"Sunny Kids Pre-Loved - new","https://maisonsunny.com.au/products/sunny-kids-pre-loved-new"
7865957613757,"Sunny Kids Pre-Loved - new","https://maisonsunny.com.au/products/sunny-kids-pre-loved-new-1"
7865957679293,"Sunny Kids Pre-Loved - new","https://maisonsunny.com.au/products/sunny-kids-pre-loved-new-2"
7865979699389,"Sunny Kids Pre-Loved - Rookie Kids Striped Blue and White T-shirt Size 5","https://maisonsunny.com.au/products/sunny-kids-pre-loved-rookie-kids-striped-blue-and-white-t-shirt-size-5"
7865981993149,"Sunny Kids Pre-Loved - Seed Baby Navy with White Star Puffy Vest Size 6-12m","https://maisonsunny.com.au/products/sunny-kids-pre-loved-seed-baby-navy-with-white-star-puffy-vest-size-6-12m"
7865983566013,"Sunny Kids Pre-Loved - Stella McCartney Kids Army Green Denim Jacket 8 years","https://maisonsunny.com.au/products/sunny-kids-pre-loved-stella-mccartney-kids-army-green-denim-jacket-8-years"
7865985401021,"Sunny Kids Pre-Loved - Decathlon Grey Kids Tracksuit Pants 18m-4 years","https://maisonsunny.com.au/products/sunny-kids-pre-loved-decathlon-grey-kids-tracksuit-pants"
7865989398717,"Sunny Kids Pre-Loved - Poivre Blanc Grey and Blue Fleece Jacket 10","https://maisonsunny.com.au/products/sunny-kids-pre-loved-poive-blanc-grey-and-blue-fleece-jacket-10"
7865990283453,"Sunny Kids Pre-Loved - Seed Baby Comfy Cotton Jumper with Bunny Ears Size 6-12m","https://maisonsunny.com.au/products/sunny-kids-pre-loved-seed-baby-comfy-cotton-jumper-with-bunny-ears-size-6-12m"
7865991004349,"Sunny Kids Pre-Loved -Rock Your Kid Cheetah Yellow and Brown Kids Cardigan Size 5","https://maisonsunny.com.au/products/sunny-kids-pre-loved-rock-your-kid-cheetah-yellow-and-brown-kids-cardigan-size-5"
7865991463101,"Sunny Kids Pre-Loved -Rock Your Kid Japan Jumper Size 6","https://maisonsunny.com.au/products/sunny-kids-pre-loved-rock-your-kid-japan-jumper-size-6"
7865991594173,"Sunny Kids Pre-Loved - Rock Your Kid 2 Pairs of Slogan Socks Size 3- 6","https://maisonsunny.com.au/products/sunny-kids-pre-loved-rock-your-kid-2-pairs-of-slogan-socks-size-3-6"
7865991921853,"Sunny Kids Pre-Loved - Retro Vintage Handmade Kids Wool jumper Multi Coloured Size 6-8","https://maisonsunny.com.au/products/sunny-kids-pre-loved-retro-vintage-handmade-kids-wool-jumper-multi-coloured-size-6-8"
7865992085693,"Sunny Kids Pre-Loved - Baby Hat Bundle - with 2 Baby Beanies  and 2 Baby Bucket Hats- Including Cos and Country Road Kids","https://maisonsunny.com.au/products/sunny-kids-pre-loved-baby-hat-bundle-2-baby-beanies-2-baby-bucket-hats"