"id","meta_title","url","meta_description","product_description","key_features","specifications"
"7559145390269","Maison Sunny Ahoy Little Sailor Baby Romper | 100% Cotton | Handmade in Sri Lanka","https://maisonsunny.com.au/products/ahoy-little-sailor-baby-romper","Shop the Maison Sunny Ahoy Little Sailor Baby Romper. Made with 100% cotton, this romper is handmade for ultimate comfort. Perfect for special occasions or everyday wear. Available in sizes 0-3m, 9-12m, 12-18m, and 18-24m.","The Maison Sunny Ahoy Little Sailor Baby Romper is a cherished keepsake for your little one. This romper is carefully handmade from 100% cotton, ensuring exceptional comfort and softness against delicate skin.  Its classic design makes it perfect for special occasions like birthdays, weddings, and parties, as well as everyday adventures. Each romper is ethically made by skilled artisan women in Colombo, Sri Lanka, and your purchase directly supports their livelihood.  Dress your baby in this beautiful and comfortable romper, knowing that it's made with love and care. This limited edition, small-batch romper is a must-have addition to your baby's wardrobe.","[""Premium 100% Cotton: Crafted from high-quality, soft cotton, this romper provides ultimate comfort for your baby's delicate skin."",""Handmade with Love: Each romper is meticulously handcrafted by skilled artisans in Sri Lanka, ensuring exceptional quality and attention to detail."",""Versatile Design: Perfect for any occasion, from special events to everyday wear, this classic romper is a versatile addition to your baby's wardrobe."",""Ethically Sourced:  Support artisan women in Sri Lanka with your purchase, knowing that each romper is made with fair labor practices."",""Easy Care: Simply turn the garment inside out and machine wash on a cold, gentle cycle. Line dry in the shade for best results.""]","{""Brand"":""Maison Sunny"",""Material"":""100% Cotton"",""Closure Type"":""Button"",""Care Instructions"":""Machine Wash"",""Country of Origin"":""Sri Lanka"",""Sizes"":""0-3m, 9-12m, 12-18m, 18-24m"",""Color"":""White/Blue Collar"",""Weight"":""N/A"",""Dimensions"":""N/A""}"
"7442460999869","Albetta 2nd Birthday Bunny Toy | Soft & Snuggly Plush | Removable Outfit | 32cm Tall","https://maisonsunny.com.au/products/2nd-year-birthday-bunny-toy","Celebrate your little one's 2nd birthday with this adorable Albetta bunny toy. Made with soft, snuggly fabric and featuring a hand-crocheted '2' and removable organic towelling bottoms. Perfect for cuddles and imaginative play.","Make your child's 2nd birthday extra special with the Albetta 2nd Birthday Bunny Toy. This charming plush bunny is crafted from a luxuriously soft and snuggly fabric, ensuring endless cuddles. Its top features a lovingly hand-crocheted number '2,' adding a unique, personalized touch. The bunny also sports cute, matching organic towelling bottoms that are fully removable, allowing for imaginative play and dressing-up fun. Standing at 32cm tall, this bunny is the perfect size for little hands to hold and hug. It's more than just a toy; it's a keepsake that will be treasured for years to come, commemorating a precious milestone in your child's life. Give the gift of snuggles and smiles with this delightful birthday bunny.","[""Celebrate in style: Mark your little one's 2nd birthday with this adorable and unique Albetta bunny toy, a keepsake they'll cherish."",""Super soft and snuggly: Made from a premium soft fabric, this bunny is perfect for cuddling and comforting your child."",""Hand-crocheted detail: The bunny's top features a hand-crocheted '2', adding a touch of personalized charm."",""Removable outfit: The cute organic towelling bottoms are fully removable, encouraging imaginative play and dressing-up activities."",""Perfect size for little ones: Standing at 32cm tall, this bunny is easy for small hands to grasp and carry, making it an ideal companion for playtime and bedtime.""]","{""Brand"":""Albetta"",""Material"":""Soft plush fabric, organic towelling"",""Height"":""32 cm"",""Weight"":""N/A"",""Width"":""N/A"",""Depth"":""N/A""}"
"7442448318653","Albetta Crochet Bee Bark Towelling Babygro Romper | Organic Cotton | 0-3m, 3-6m, 6-12m","https://maisonsunny.com.au/products/crochet-bee-bark-towelling-babygro-romper","Adorable hand-crocheted bee motif baby romper made from 100% organic toweling cotton. Super soft and comfortable for delicate skin. Machine washable. Available in sizes 0-3m, 3-6m, and 6-12m.","Introducing the Albetta Crochet Bee Bark Towelling Babygro Romper, a charming addition to your little one's wardrobe. This adorable romper features a meticulously hand-crocheted bee motif on a warm autumn brown background, adding a touch of whimsy to their everyday wear. Crafted from 100% GOTS certified organic toweling cotton, this babygro offers exceptional softness and comfort against delicate skin. The absorbent and breathable nature of the fabric makes it perfect for all-day wear, keeping your baby cozy and dry. The modern design and sustainable sourcing of the organic cotton reflect Albetta's commitment to quality and eco-consciousness. This romper is easy to care for, simply machine wash at 30°C. Choose from sizes 0-3m, 3-6m, and 6-12m to find the perfect fit for your growing baby. Give your little one the gift of comfort and style with the Albetta Crochet Bee Bark Towelling Babygro Romper.","[""Hand-Crocheted Bee Motif: This adorable romper features a meticulously hand-crocheted bee, adding a touch of charm and personality to your baby's outfit."",""100% Organic Cotton: Made from GOTS certified organic toweling cotton, this babygro offers exceptional softness and is gentle against delicate skin, reducing the risk of irritation."",""Superior Comfort: The absorbent and breathable organic cotton ensures your baby stays comfortable and dry throughout the day, perfect for playtime or naptime."",""Sustainable and Eco-Friendly: Made with sustainably sourced organic cotton, this romper is a responsible choice for environmentally conscious parents."",""Easy Care: Machine washable at 30°C for easy and convenient cleaning, allowing you to spend more time enjoying precious moments with your little one.""]","{""Brand"":""Albetta"",""Material"":""100% Organic Cotton"",""Care Instructions"":""Machine washable at 30°C"",""Sizes"":""0-3 months, 3-6 months, 6-12 months"",""Color"":""Autumn Brown"",""Item Weight"":""N/A"",""Product Dimensions"":""N/A""}"
"7442451529917","Albetta Crochet Bunny Rattle Toy | Hand-Crocheted Baby Gift","https://maisonsunny.com.au/products/crochet-bunny-rattle-toy","The Albetta Crochet Bunny Rattle Toy is a beautifully hand-crocheted toy made from top-quality cotton. This adorable bunny rattle with its sweet striped top and floppy ears makes a perfect gift for newborns and coordinates with other Albetta farm collection items.","Introducing the adorable Albetta Crochet Bunny Rattle Toy, a delightful companion for little ones. Hand-crocheted with love from premium cotton, this soft and cuddly bunny is the perfect gift for newborns and infants. Its sweet striped top and charming floppy ears add to its irresistible appeal. The gentle rattle sound stimulates baby's auditory senses and encourages play. This high-quality toy is designed to be cherished for years to come. It also coordinates beautifully with other Albetta items from the farm collection, creating a cohesive and charming nursery theme. Give the gift of comfort and joy with this precious bunny rattle. CE/UK safety tested from birth.","[""Hand-Crocheted Quality: Meticulously crafted from top-quality cotton, this bunny rattle offers exceptional softness and durability, ensuring it can withstand countless cuddles and playtime adventures."",""Soothing Rattle Sound: The gentle rattle inside provides auditory stimulation, capturing baby's attention and encouraging sensory development. The soft rattling sound is calming and comforting."",""Adorable Design: Featuring a sweet striped top and cute floppy ears, this bunny rattle is sure to become a beloved companion for your little one. Its charming design adds a touch of whimsy to any nursery."",""Perfect Baby Gift: This beautifully crafted bunny rattle makes a wonderful and thoughtful gift for newborns, baby showers, or any special occasion. It's a gift that will be treasured for years to come."",""Coordinates with Albetta Farm Collection: This bunny rattle complements other Albetta farm collection items, allowing you to create a coordinated and charming nursery theme.""]","{""Brand"":""Albetta"",""Material"":""100% Cotton, 100% Polyester Filling"",""Height"":""15 cm"",""Safety Certification"":""CE/UK tested - Safe from birth""}"
"7442450219197","Albetta Crochet Croco Casey Babygro Romper | 100% Organic Cotton | Baby Romper","https://maisonsunny.com.au/products/crochet-croco-casey-babygro-romper","Adorable hand-crocheted crocodile baby romper by Albetta. Made with 100% organic cotton, this sunshine yellow and white striped romper is soft, comfortable, and perfect for your little one. Machine washable.","The Albetta Crochet Croco Casey Babygro Romper is a must-have for your little one's wardrobe. This adorable romper features a charming hand-crocheted crocodile design, adding a touch of whimsy to their everyday wear. Crafted from 100% organic cotton, it's gentle on delicate skin and ensures maximum comfort. The cheerful sunshine yellow and white stripe design adds a pop of brightness to any outfit. This romper is not only stylish but also practical, as it's machine washable for easy care. Perfect for playtime or special occasions, the Albetta Crochet Croco Casey Babygro Romper is a delightful addition to any baby's collection. This babygro combines traditional handicraft methods with a modern style, resulting in a truly comfortable and delicate fit. It has been a best-seller in the Albetta wild animals collection. Pair it with the matching Albetta Casey Croco Rattle (sold separately) for a complete look.","[""ADORABLE CROCHET DESIGN: Features a charming hand-crocheted crocodile, adding a unique touch to your baby's outfit."",""100% ORGANIC COTTON: Made with soft, breathable, and gentle organic cotton, perfect for sensitive skin."",""SUNSHINE YELLOW & WHITE STRIPE: Cheerful and gender-neutral design, suitable for both baby boys and girls."",""COMFORTABLE & DELICATE FIT: Combines traditional handicraft methods with a modern style for a comfortable and delicate fit."",""EASY CARE: Machine washable at 30°C for convenient cleaning.""]","{""Brand"":""Albetta"",""Material"":""100% Organic Cotton"",""Care Instructions"":""Machine washable at 30°C"",""Sizes"":""0-3 m, 3-6 m, 6-12 m"",""Item Weight"":""N/A"",""Product Dimensions"":""N/A""}"
"7442460508349","Albetta Crochet Croco Casey Rattle Toy | Baby Rattle | Soft Crochet Toy | Newborn Gift","https://maisonsunny.com.au/products/crochet-croco-casey-rattle-toy","The Albetta Crochet Croco Casey Rattle Toy is a handmade, super soft jungle green crocodile rattle. Perfect for newborns, this tactile toy provides hours of fun and helps develop baby's sense of touch. Made with 100% cotton thread and polyester filling. CE/UK safety tested.","Introduce your little one to the adorable Albetta Crochet Croco Casey Rattle Toy! This charming handmade crocodile rattle is the perfect companion for newborns and infants. Crafted with love and care, Casey the Croc features a vibrant jungle green hue, a friendly smile, rosy cheeks, and engaging 3D crochet spots and spines. Made from super soft 100% cotton thread and filled with 100% polyester fiber, this rattle is gentle against delicate skin while providing a stimulating tactile experience. The easy-to-grab body is perfectly sized for little hands, encouraging grasping and exploration. Casey the Croc not only provides hours of entertainment but also helps to develop your baby's sense of touch and coordination. This delightful rattle is CE/UK safety tested, ensuring it meets the highest safety standards for your peace of mind. Give the gift of snuggles and smiles with the Albetta Crochet Croco Casey Rattle Toy. It's a cherished keepsake that will be treasured for years to come. Length: 20 cm.","[""Handmade Crochet Rattle: This adorable crocodile rattle is lovingly handcrafted with intricate crochet details, making it a unique and special gift for newborns."",""Super Soft and Tactile: Made from 100% cotton thread and filled with 100% polyester fiber, this rattle is incredibly soft and gentle against baby's delicate skin, providing a soothing and comforting tactile experience."",""Engaging Design: Featuring a cheerful jungle green crocodile with 3D crochet spots, spines, rosy cheeks, and a friendly smile, this rattle captures baby's attention and encourages imaginative play."",""Developmental Toy: The easy-to-grab body is perfectly sized for little hands, promoting grasping, hand-eye coordination, and sensory exploration. The gentle rattling sound stimulates auditory development."",""Safe and Durable: CE/UK safety tested, this rattle is made from high-quality materials and is free from harmful substances, ensuring it's safe for even the youngest babies. Built to withstand everyday play, it's a durable and long-lasting toy.""]","{""Brand"":""Albetta"",""Material"":""100% Cotton Thread, 100% Polyester Fiber Filling"",""Length"":""20 cm"",""Safety Certification"":""CE/UK Tested""}"
"7442448613565","Albetta Crochet Estelle Eli Babygro Romper | Organic Cotton Baby Romper | 0-3m, 3-6m, 6-12m","https://maisonsunny.com.au/products/crochet-estelle-eli-babygro-romper","Adorable Albetta Estelle Eli Babygro Romper made with deluxe pink striped organic cotton. Features a hand-made elephant motif and grey marl trims. Perfect new baby gift.","The Albetta Crochet Estelle Eli Babygro Romper is the perfect gift for your little one. Crafted from deluxe pink striped organic cotton, this romper is gentle on delicate skin and features an intricately hand-made elephant motif, adding a touch of whimsy to your baby's wardrobe. The distinctive grey marl trims at the neck and cuffs provide a stylish contrast and signature Albetta detail. This gorgeous and modern design, made from the softest sustainable cotton, ensures both comfort and style for your precious little one. Machine washable at 30°C for easy care. Matching cuddle toys are also available. Ideal for newborns and babies up to 12 months. Choose from sizes 0-3m, 3-6m, and 6-12m.","[""Premium Organic Cotton: Made from 100% deluxe pink striped organic cotton, this babygro is gentle on your baby's delicate skin and environmentally friendly."",""Hand-Crafted Elephant Motif: Features an intricately hand-made elephant motif, adding a unique and charming touch to this adorable romper."",""Signature Albetta Detail: Distinctive grey marl trims at the neck and cuffs provide a stylish contrast and mark the romper with Albetta's signature quality."",""Soft and Sustainable: Crafted from the softest sustainable cotton, this babygro ensures ultimate comfort for your little one while being kind to the planet."",""Easy Care: Machine washable at 30°C, making it easy to keep this romper clean and fresh for your baby.""]","{""Brand"":""Albetta"",""Material"":""100% Organic Cotton"",""Care Instructions"":""Machine washable at 30°C"",""Sizes"":""0-3 months, 3-6 months, 6-12 months"",""Color"":""Pink Stripe with Grey Marl Trim"",""Product Dimensions"":""N/A"",""Product Weight"":""N/A""}"
"7442448842941","Albetta Crochet Leo Lion Grey Stripe Babygro Romper | Soft Organic Cotton | 6-12 Months","https://maisonsunny.com.au/products/crochet-leo-lion-grey-stripe-babygro-romper","Adorable Albetta Leo lion babygro, perfect for newborns. Made from soft grey and white striped organic cotton with a hand-crocheted lion motif. Cozy and comfortable for bedtime cuddles.","This adorable Albetta Leo lion babygro is the perfect gift for a new arrival! Reworking Albetta's iconic crochet lion motif, this babygro is crafted from the softest grey and white striped 100% organic cotton. It features marl-trimmed cuffs and neckline for a touch of style. The highlight is the gorgeous hand-crocheted lion on the front, complete with a fluffy mane and sleepy eyes, guaranteed to bring a smile to everyone's face. Get ready for cozy cuddles at bedtime! This babygro is machine washable at 30°C for easy care. Matching rattle and cuddle toys are also available to complete the set. Perfect for newborns and babies aged 6-12 months.","[""Adorable hand-crocheted lion design: Features a charming hand-crocheted lion with a fluffy mane and sleepy eyes, adding a touch of whimsy to this babygro."",""Soft and cozy organic cotton: Made from 100% organic cotton, this babygro is gentle against delicate skin and ensures maximum comfort for your little one."",""Stylish grey and white stripes: The classic grey and white stripes add a touch of timeless style to this babygro, making it a perfect outfit for any occasion."",""Marl-trimmed cuffs and neckline: The marl-trimmed cuffs and neckline provide a snug fit and add a touch of detail to the overall design."",""Easy care: Machine washable at 30°C, this babygro is easy to care for, allowing you to spend more time cuddling your little one.""]","{""Brand"":""Albetta"",""Material"":""100% Organic Cotton"",""Care Instructions"":""Machine washable at 30°C"",""Size"":""6-12 Months"",""Color"":""Grey Stripe"",""Pattern"":""Striped with Crochet Lion"",""Closure Type"":""Snap"",""Department"":""Baby"",""Product Type"":""Babygrow/Romper""}"
"7442455855293","Albetta Crochet Leo Lion Stick Rattle | Baby Shower Gift | Soft Cotton | Easy Grip","https://maisonsunny.com.au/products/crochet-leo-lion-stick-rattle","This hand-crocheted Albetta lion rattle is a perfect baby shower gift. Made from soft cotton, its stick shape makes it easy for little hands to grip. Gender-neutral design.","This beautifully crafted Albetta lion rattle is hand-crocheted from top-quality cotton, making it a wonderful unisex baby shower gift. Its soft cotton mane and friendly face will charm any little one. The stick shape provides an easy grip for small hands, encouraging sensory exploration and play.  It coordinates perfectly with other items from our crochet lion range, including the lion comforter and lion babygro, allowing you to create a cohesive and adorable nursery theme. This rattle is not only a delightful toy but also a beautiful keepsake that will be treasured for years to come. Made with 100% cotton and 100% polyester stuffing, it is soft, durable, and safe for your baby. Height: 14 cm.","[""Hand-Crocheted Quality: Meticulously crafted from premium cotton, this lion rattle offers exceptional softness and durability for gentle play."",""Perfect Baby Shower Gift: This charming lion rattle is a thoughtful and unique present for newborns, infants, and toddlers, suitable for both boys and girls."",""Easy-Grip Design: The stick shape is perfectly sized for little hands to grasp and hold, promoting fine motor skills development."",""Soft & Soothing: The gentle rattling sound and soft cotton mane provide a calming and comforting sensory experience for babies."",""Adorable Lion Design: The friendly lion face with its soft mane adds a touch of whimsy and charm to any nursery or play area.""]","{""Brand"":""Albetta"",""Material"":""100% Cotton, 100% Polyester stuffing"",""Height"":""14 cm"",""Weight"":""N/A"",""Width"":""N/A"",""Depth"":""N/A""}"
"7442451431613","Albetta Crochet Ollie Owl Rattle Toy | Baby Shower Gift | Hand-Crocheted | Cotton | Soft Toy","https://maisonsunny.com.au/products/crochet-owl-rattle-toy","Adorable hand-crocheted Ollie Owl rattle toy by Albetta. Made with 100% cotton, this soft toy is perfect for newborns and makes a delightful baby shower gift. CE/UK safety tested.","Introducing the charming Albetta Crochet Ollie Owl Rattle Toy! This irresistibly cute rattle is lovingly hand-crocheted with intricate details, featuring pointy ears and a sweet face that will capture your baby's attention. Crafted from 100% cotton thread and filled with 100% polyester fiber, it's incredibly soft and gentle against delicate skin, making it ideal for newborns and up. The gentle rattling sound stimulates auditory development and provides endless entertainment for little ones. This adorable owl rattle is not only a source of comfort and fun but also a beautiful keepsake that will be treasured for years to come. Give the gift of snuggles and smiles with the Albetta Crochet Ollie Owl Rattle Toy – a perfect present for baby showers, birthdays, or any special occasion. CE/UK tested for safety from birth. Height: 11 cm.","[""Hand-Crocheted Delight: This adorable owl rattle is meticulously hand-crocheted with intricate details, making it a unique and cherished gift."",""Soft & Gentle: Made from 100% cotton thread and filled with 100% polyester fiber, this rattle is incredibly soft and perfect for cuddling."",""Soothing Rattle: The gentle rattling sound stimulates your baby's auditory senses and provides hours of entertainment."",""Safe for Newborns: CE/UK safety tested, ensuring it's suitable for babies from birth."",""Perfect Baby Gift: This charming owl rattle is an ideal present for baby showers, birthdays, or any occasion celebrating a little one.""]","{""Brand"":""Albetta"",""Material"":""100% Cotton Thread, 100% Polyester Fiber Filling"",""Height"":""11 cm"",""Safety Certification"":""CE/UK Tested""}"
"7442448711869","Albetta Crochet Owl Stripe Babygro Romper | Organic Cotton Baby Grow","https://maisonsunny.com.au/products/crochet-owl-stripe-babygro-romper","Adorable pink stripe organic cotton babygro with a hand-crocheted owl motif. Ethically sourced and machine washable. Perfect gift for little ones!","The Albetta Crochet Ollie Owl Babygro is the perfect gift for your little one. This adorable baby grow is made from soft, ethically sourced, pink striped organic cotton and features a meticulously hand-crocheted owl motif. The gorgeous and modern design makes this babygro a must-have for your baby's wardrobe. It's machine washable at 30°C for easy care. Pair it with the matching Crochet Owl Rattle (sold separately) for a complete gift set.","[""Hand-Crocheted Owl Design: Features a charming, meticulously hand-crocheted owl motif, adding a touch of whimsy to this adorable babygro."",""Premium Organic Cotton: Made from 100% GOTS certified organic cotton, ensuring a soft and gentle touch against your baby's delicate skin."",""Pink Stripe Pattern: The playful pink stripe pattern adds a touch of style and cheerfulness to this baby grow."",""Ethically Sourced: Crafted with ethically sourced organic cotton, reflecting a commitment to sustainable and responsible practices."",""Easy Care: Machine washable at 30°C for convenient cleaning and everyday wear.""]","{""Brand"":""Albetta"",""Material"":""100% Organic Cotton"",""Care Instructions"":""Machine washable at 30°C"",""Color"":""Pink Stripe"",""Pattern"":""Striped with Crochet Owl"",""Sizes"":""0-3 m, 3-6 m, 6-12 m"",""Dimensions"":""N/A"",""Weight"":""N/A""}"
"7442450153661","Albetta Crochet Panda Babygro Romper | 0-3m | 100% Organic Cotton | Baby Romper","https://maisonsunny.com.au/products/crochet-panda-babygro-romper","Adorable Albetta Crochet Panda Babygro Romper made with 100% organic cotton. This terracotta striped romper features a hand-crocheted panda, perfect for newborns and babies 0-3 months. Machine washable.","The Albetta Crochet Panda Babygro Romper is the perfect gift for your little one. This adorable romper is made from deluxe terracotta striped 100% organic cotton and features a meticulously hand-crocheted panda motif. Cream trims line the neck and cuffs, adding a signature Albetta detail. This comfortable and modern design is made from sustainably sourced BCI cotton. Machine washable at 30°C.

This babygro is designed for newborns and babies aged 0-3 months. Pair it with the matching Crochet Panda Rattle (sold separately) for a complete panda-themed outfit. This romper makes a wonderful gift for baby showers, birthdays, or any special occasion.","[""ADORABLE PANDA DESIGN: Features a meticulously hand-crocheted panda motif on a terracotta striped background, making this babygro a truly unique and charming outfit for your little one."",""PREMIUM ORGANIC COTTON: Crafted from 100% organic cotton, this romper is gentle on delicate skin, ensuring maximum comfort and breathability for your baby."",""SUSTAINABLY SOURCED: Made with BCI cotton, supporting better cotton farming practices that are environmentally friendly and socially responsible."",""SIGNATURE ALBETTA DETAIL: Cream trims around the neck and cuffs add a touch of elegance and sophistication, making this babygro a stylish choice for your baby."",""EASY CARE: Machine washable at 30°C for convenient cleaning and maintenance, allowing you to spend more time enjoying precious moments with your baby.""]","{""Brand"":""Albetta"",""Material"":""100% Organic Cotton"",""Care Instructions"":""Machine washable at 30°C"",""Size"":""0-3 months"",""Color"":""Terracotta Striped"",""Item Weight"":""N/A"",""Product Dimensions"":""N/A""}"
"7442450546877","Albetta Crochet Peanut the Puppy Babygro Romper | Soft Organic Cotton | Baby Blue & White Stripe","https://maisonsunny.com.au/products/crochet-peanut-the-puppy-babygro-romper","Adorable hand-crocheted puppy motif babygro by Albetta. Made from premium soft organic cotton in a baby blue marl and snow white stripe. Perfect for autumn-winter.","The Albetta Crochet Peanut the Puppy Babygro is a charming addition to any baby's wardrobe. This adorable romper features a beautifully hand-crocheted puppy motif, adding a touch of whimsy to this cozy essential. Crafted from premium soft baby blue marl and snow white striped 100% organic cotton, it ensures gentle comfort against delicate skin. Grey marl trims line the neck and cuffs, providing a subtle contrast and a signature Albetta detail. This babygro is perfect for keeping little ones warm and stylish during the autumn-winter months. Machine washable at 30°C for easy care.","[""Hand-Crocheted Puppy Motif: This babygro features an adorable hand-crocheted puppy design, adding a unique and charming touch to your baby's outfit."",""Premium Soft Organic Cotton: Made from 100% organic cotton, this babygro is exceptionally soft and gentle against your baby's delicate skin, ensuring maximum comfort."",""Baby Blue and White Stripe Design: The classic baby blue marl and snow white stripe pattern creates a timeless and stylish look, perfect for everyday wear."",""Grey Marl Trim Detail: The neck and cuffs are lined with grey marl trims, adding a touch of subtle contrast and a signature Albetta design element."",""Easy Care: Machine washable at 30°C, this babygro is easy to care for, making it a practical choice for busy parents.""]","{""Brand"":""Albetta"",""Material"":""100% Organic Cotton"",""Care Instructions"":""Machine washable at 30°C"",""Color"":""Baby Blue Marl and Snow White Stripe"",""Pattern"":""Striped with Hand-Crocheted Puppy Motif"",""Sizes"":""0-3 months, 3-6 months, 6-12 months"",""Item Weight"":""N/A"",""Product Dimensions"":""N/A""}"
"7442449334461","Albetta Crochet Rainbow Babygrow | Soft Cotton Romper | 0-3 Months","https://maisonsunny.com.au/products/crochet-rainbow-blue-marl-stripe-babygro-romper","Adorable blue and white striped cotton babygrow with sparkly copper thread and a crocheted rainbow motif. Features gold poppers and pink picot trim. Machine washable.","This charming Albetta Crochet Rainbow Babygrow is a delightful addition to any baby's wardrobe. Crafted from the softest baby blue and white striped 100% organic cotton, this romper features a beautifully crocheted rainbow motif with sparkly copper thread accents.  Intricate details like gold poppers and pink picot trim around the neck and cuffs add a touch of elegance. This babygrow is not only adorable but also practical, designed for ultimate comfort and easy care. Machine washable at 30°C. Perfect for everyday wear or special occasions, this babygrow makes a wonderful gift for newborns and infants. Coordinate it with the matching Rainbow Crochet Ring Rattle (sold separately) for a complete ensemble.","[""SOFT & SPARKLY: Made from incredibly soft, baby blue and white striped 100% organic cotton with shimmering copper thread accents for a touch of magic."",""ADORABLE RAINBOW DESIGN: Features a charming crocheted rainbow motif, adding a playful and cheerful element to this comfortable romper."",""ELEGANT DETAILS: Gold poppers and delicate pink picot trim around the neck and cuffs provide sophisticated finishing touches."",""PREMIUM QUALITY: Crafted with meticulous attention to detail, ensuring durability and long-lasting wear."",""EASY CARE: Machine washable at 30°C for convenient cleaning, making it perfect for busy parents.""]","{""brand"":""Albetta"",""material"":""100% Organic Cotton"",""color"":""Blue and White Stripe"",""size"":""0-3 Months"",""care_instructions"":""Machine washable at 30°C"",""department"":""Baby"",""product_type"":""Romper, Babygrow"",""style"":""Crochet, Rainbow"",""target_audience"":""Newborns, Infants"",""occasion"":""Everyday, Special Occasion"",""weight"":""N/A"",""dimensions"":""N/A""}"
"7442455593149","Albetta Crochet Rainbow Ring Rattle | Baby Sensory Toy | FSC Mango Wood | 14cm Tall","https://maisonsunny.com.au/products/crochet-rainbow-ring-rattle","Stimulate your baby's senses with the Albetta Crochet Rainbow Ring Rattle. Crafted from FSC-certified mango wood and soft, crocheted cotton, this rattle is perfect for little hands. Features sparkly copper thread details and a 14cm height. Ideal for newborns and infants.","Introduce your little one to the enchanting world of sensory play with the Albetta Crochet Rainbow Ring Rattle. This beautifully crafted rattle combines the natural warmth of FSC-certified mango wood with the soft touch of hand-crocheted 100% cotton. The vibrant rainbow design, adorned with delicate sparkly copper thread details, captivates baby's attention and encourages visual exploration.  The easy-grip ring is perfectly sized for small hands to grasp, shake, and explore, helping to develop fine motor skills and hand-eye coordination. The gentle rattling sound stimulates auditory senses and provides soothing comfort. This rattle is not only a delightful toy but also a testament to Albetta's commitment to quality and sustainability. Made with eco-friendly materials and designed with baby's safety in mind, the Albetta Crochet Rainbow Ring Rattle is a cherished gift for newborns and infants. Pair it with the matching Rainbow Babygro Suit for a complete coordinated look.","[""Sensory Delight: Stimulate your baby's visual and auditory senses with the vibrant rainbow design and gentle rattling sound."",""Easy-Grip Design: The 14cm tall FSC mango wood ring is perfectly sized for little hands to grasp and shake, promoting fine motor skill development."",""Hand-Crocheted Quality: Made with 100% soft cotton and adorned with sparkly copper thread details for a touch of magic."",""Eco-Friendly Materials: Crafted from sustainably sourced FSC-certified mango wood, ensuring a safe and environmentally conscious choice for your baby."",""Perfect Baby Gift: A thoughtful and charming present for newborns and infants, ideal for baby showers, birthdays, or any special occasion.""]","{""Brand"":""Albetta"",""Material"":""100% Cotton, FSC Mango Wood, Polyester Stuffing"",""Height"":""14 cm"",""Item Weight"":""N/A"",""Item Dimensions"":""N/A"",""Color"":""Rainbow""}"
"7442448548029","Albetta Crochet Rocket Babygro Romper | 100% Organic Cotton | Baby Jumpsuit","https://maisonsunny.com.au/products/crochet-rocket-babygro-romper","Out-of-this-world Albetta Crochet Rocket Babygro Romper made with 100% organic textured jersey cotton. Features a hand-crochet rocket motif. Perfect for little astronauts!","The Albetta Crochet Rocket Babygro Romper is part of the exciting Albetta space collection. This fun and unique babygro is crafted from the softest 100% organic textured jersey cotton, ensuring gentle comfort against delicate skin. The romper features a vibrant hand-crochet rocket motif, adding a playful touch of color and whimsy. The bold colors and Albetta's signature attention to detail make this babygro an ideal choice for any adventurous little one. This romper is perfect for everyday wear, playtime, or special occasions. It makes a wonderful gift for baby showers, birthdays, or any celebratory event. Give the gift of comfort and style with the Albetta Crochet Rocket Babygro Romper. Machine washable at 30°C for easy care. Matching rattle and cuddle toys are also available (sold separately).","[""Crafted from 100% organic textured jersey cotton for ultimate softness and comfort."",""Features a brightly colored, hand-crochet rocket motif, adding a playful and unique touch."",""Designed with bold colors and Albetta's iconic attention to detail, making it a standout piece."",""Perfect for everyday wear, playtime, or special occasions, ensuring your little one is always stylish."",""Machine washable at 30°C for easy and convenient care, making it a practical choice for busy parents.""]","{""Brand"":""Albetta"",""Material"":""100% Organic Cotton"",""Care Instructions"":""Machine washable at 30°C"",""Sizes"":""0-3 m, 3-6 m, 6-12 m"",""Weight"":""N/A"",""Dimensions"":""N/A""}"
"7442455527613","Albetta Crochet Rocket Ring Rattle | Baby Teether and Rattle | Fun and Engaging ","https://maisonsunny.com.au/products/crochet-rocket-ring-rattle","Stimulate your baby's senses with the Albetta Crochet Rocket Ring Rattle. Made with FSC mango wood and featuring a 3D crochet flame, this teether is safe, engaging, and visually appealing.","Introduce your little one to the wonders of space with the Albetta Crochet Rocket Ring Rattle! This adorable teething toy is part of the brand-new Albetta space collection, designed to engage and entertain babies from birth. Crafted with fun, bold colors and intricate crochet details, this rattle features a captivating 3D crochet flame that can be moved around the ring, adding an element of playful discovery. 

Made from high-quality FSC-certified mango wood, the smooth ring provides a soothing surface for teething gums, while the soft hand-crochet rocket offers a comforting tactile experience. The rattle's vibrant colors and unique design stimulate visual development, and the gentle rattling sound encourages auditory exploration. 

Safety is our top priority. This rattle has been rigorously CE/UK tested and is safe for babies from birth. It's the perfect gift for newborns, baby showers, or any occasion celebrating a little space explorer. 

Dimensions: Height 15cm. Material: FSC Mango Wood and Crochet.  Bring a smile to your baby's face with the Albetta Crochet Rocket Ring Rattle – a delightful combination of fun, function, and intergalactic charm!","[""Engaging Baby Rattle: This crochet rocket ring rattle stimulates baby's senses with vibrant colors, textures, and gentle sounds, promoting healthy development and providing endless entertainment."",""Safe and Natural Teether: Made from high-quality FSC-certified mango wood, the smooth ring is perfect for soothing sore gums during teething, while the soft crochet rocket offers a comforting tactile experience."",""Unique 3D Crochet Flame: The movable 3D crochet flame adds an element of playful discovery and encourages interaction, keeping baby engaged and entertained."",""Space-Themed Design: Part of the Albetta space collection, this adorable rocket rattle sparks imagination and adds a touch of intergalactic charm to baby's playtime."",""Safe From Birth: Rigorously CE/UK tested, this rattle is safe for babies from birth, making it a perfect gift for newborns, baby showers, or any occasion celebrating a little one.""]","{""Brand"":""Albetta"",""Material"":""FSC Mango Wood, Crochet"",""Height"":""15 cm"",""Item Weight"":""N/A"",""Product Dimensions"":""N/A"",""Color"":""Multicolor"",""Unit Count"":""1"",""Unit Count Type"":""Count"",""Target Audience"":""Babies"",""backend_keywords"":""baby rattle, teether, crochet toy, sensory toy, baby gift, newborn gift, space toy, rocket toy, wood teether, safe from birth, Albetta rattle""}"
"7442448154813","Albetta Crochet Wild Animals Babygro Romper | Organic Cotton | 0-3 Months","https://maisonsunny.com.au/products/crochet-wild-animals-babygro-romper","Adorable Albetta Wild Animals Babygro Romper in deep ocean blue striped organic cotton. Features hand-crocheted lion, elephant, and giraffe faces. Perfect for autumn-winter.","The Albetta Crochet Wild Animals Babygro Romper is a charming addition to any baby's wardrobe. Crafted from 100% organic cotton, this romper is gentle on delicate skin while offering exceptional comfort. The deep ocean blue striped design is accented with intricately hand-crocheted wild animal faces, including a lion, elephant, and giraffe, adding a touch of whimsy to this adorable outfit. Grey marl trims at the neck and cuffs provide a stylish finishing touch. This babygro is perfect for the autumn-winter season and makes a thoughtful gift for newborns and infants. Machine washable at 30°C for easy care.","[""Hand-Crocheted Animal Faces: Features intricately hand-crocheted lion, elephant, and giraffe faces, adding a playful touch to this adorable babygro."",""100% Organic Cotton: Made from the softest, ethically sourced 100% organic cotton, ensuring gentle comfort for your little one's delicate skin."",""Deep Ocean Blue Stripes: Designed in a stylish deep ocean blue striped pattern, perfect for both baby boys and girls."",""Autumn-Winter Essential: Ideal for keeping your baby cozy and warm during the cooler months, this romper is a must-have for any autumn-winter wardrobe."",""Easy Care: Machine washable at 30°C for convenient cleaning and maintenance.""]","{""brand"":""Albetta"",""material"":""100% Organic Cotton"",""care_instructions"":""Machine washable at 30°C"",""size"":""0-3 m"",""color"":""Deep Ocean Blue Striped"",""weight"":""N/A"",""dimensions"":""N/A""}"
"7442450612413","Albetta Rocket Cuddle Toy | Soft Organic Muslin Cotton | Baby Comfort Toy","https://maisonsunny.com.au/products/rocket-cuddle-toy","Soothe your little one with the Albetta Rocket Cuddle Toy. Crafted from soft organic muslin cotton, this hand-crocheted rocket is perfect for bedtime cuddles and playtime. CE/UK tested, safe from birth.","The Albetta Rocket Cuddle Toy is the perfect cuddly companion for your little one. Made from a blend of soft toweling and printed cotton, this adorable rocket features a hand-crocheted design crafted from the softest organic muslin cotton. Measuring 35cm in height, it's the ideal size for little hands to grasp and play with. This charming toy is sure to become a cherished friend, providing comfort and entertainment for babies and toddlers alike.

Designed to match the Albetta Space Babygro (sold separately), this rocket cuddle toy adds a touch of whimsy to any nursery. Its gentle textures and playful design stimulate the senses and encourage imaginative play. Whether it's a bedtime cuddle buddy or a playtime pal, the Albetta Rocket Cuddle Toy is a delightful addition to your child's world.

Made with 100% organic muslin cotton, this toy is not only soft and snuggly but also gentle on delicate skin. It has been rigorously CE/UK tested and is safe for babies from birth. Give your little astronaut the gift of comfort and adventure with the Albetta Rocket Cuddle Toy.","[""Soft and Cuddly Companion: Crafted from a combination of soft toweling, printed cotton, and hand-crocheted organic muslin cotton, this rocket cuddle toy provides ultimate comfort for your little one."",""Perfect for Little Hands: Measuring 35cm in height, this toy is perfectly sized for small hands to grasp, hold, and play with, promoting sensory development and fine motor skills."",""Safe from Birth: Rigorously CE/UK tested, this toy is made with 100% organic muslin cotton, ensuring it's gentle on delicate skin and safe for newborns and up."",""Bedtime and Playtime Friend: This versatile toy is perfect for both bedtime cuddles and playtime adventures, providing comfort and entertainment throughout the day."",""Matching Space Babygro Available: Complete the look with the coordinating Albetta Space Babygro (sold separately) for a fun and stylish addition to your baby's wardrobe.""]","{""Brand"":""Albetta"",""Material"":""100% Organic Muslin Cotton"",""Height"":""35cm"",""Safety Certification"":""CE/UK tested""}"
"7442450776253","Albetta Samuel Towelling Cuddle | Organic Cotton Sloth Toy | 35cm | Soft & Cuddly","https://maisonsunny.com.au/products/samuel-towelling-cuddle","The Albetta Samuel Towelling Cuddle is a handmade, organic cotton sloth toy, perfect for late-night cuddles. This adorable 35cm sloth is made with soft oak brown towelling and features rosy cheeks and dark brown eyes. CE/UK tested, safe from birth.","Introduce your little one to Samuel the Sloth, the newest addition to the Towelling Cuddle Toys collection! This adorable sloth is handmade with the softest oak brown organic cotton towelling, making him the perfect companion for cuddles. Samuel features rosy cheeks and endearing dark brown eyes, adding to his charm. Measuring 35cm in height, he's the perfect size for little arms to hold. This cuddly sloth is not only adorable but also safe, having been CE/UK tested and approved for use from birth. Pair Samuel with our Samuel the Sloth Babygro collection for a perfectly coordinated look. Made with 100% organic cotton towelling, this toy is gentle on delicate skin and provides a comforting tactile experience. Give the gift of snuggles with Samuel the Sloth, a cuddly friend that will be cherished for years to come.","[""Handmade with love: Each Samuel the Sloth is carefully crafted by hand, ensuring exceptional quality and attention to detail."",""Ultra-soft organic cotton: Made with 100% organic cotton towelling, Samuel is incredibly soft and gentle against baby's skin, providing a soothing tactile experience."",""Perfect size for cuddling: Measuring 35cm tall, Samuel is the ideal size for little ones to hug and hold close, offering comfort and companionship."",""Safe from birth: CE/UK tested and approved, Samuel is safe for newborns and up, making him a perfect gift for baby showers or new arrivals."",""Adorable design: With his charming rosy cheeks, endearing dark brown eyes, and oak brown towelling fur, Samuel the Sloth is sure to capture hearts and become a cherished friend.""]","{""Brand"":""Albetta"",""Material"":""100% Organic Cotton Towelling"",""Height"":""35 cm"",""Safety Certification"":""CE/UK Tested""}"
"7442455789757","Albetta Wild Animals Activity Ring Rattle | Baby Sensory Toy | 12cm Tall","https://maisonsunny.com.au/products/wild-animals-activity-ring-rattle","Stimulate your baby's senses with the Albetta Wild Animals Activity Ring Rattle.  Hand-crafted with soft, tactile materials, this rattle features a giraffe and elephant and is designed to engage hearing and touch. Made with sustainably sourced FSC mango wood. Safe from birth.","The Albetta Wild Animals Activity Ring Rattle is a delightful addition to any baby's toy collection. This charming rattle features two adorable wild animals, Gerald the Giraffe and Estelle the Elephant, designed to captivate your little one's attention and encourage sensory exploration. Gerald is a beautifully hand-crocheted cotton rattle, while Estelle is hand-made from organic cotton toweling. Both characters are incredibly soft and tactile, making them perfect for little hands to grasp and explore.

This activity rattle is not only visually appealing but also designed to stimulate your baby's developing senses. The gentle rattling sound engages their hearing, while the varied textures of the giraffe and elephant promote tactile development. The ring is easy for small hands to hold, encouraging grasping and coordination skills.

Crafted from sustainably sourced FSC mango wood, this rattle is not only a beautiful toy but also an environmentally conscious choice. The wood provides a natural and durable base for the attached animals, ensuring long-lasting play.  This rattle is CE/UK tested and safe from birth, giving you peace of mind while your little one enjoys their new favorite toy.

Enhance your baby's playtime and development with the Albetta Wild Animals Activity Ring Rattle. It's the perfect gift for newborns and infants, offering a combination of engaging play, sensory stimulation, and sustainable design.","[""Sensory Stimulation: Engage your baby's hearing and sense of touch with the gentle rattling sound and soft, tactile materials of Gerald the Giraffe and Estelle the Elephant."",""Hand-Crafted Quality: Each wild animal is lovingly hand-crafted, with Gerald crocheted from cotton and Estelle made from organic cotton toweling, ensuring exceptional softness and durability."",""Sustainable Design: The rattle ring is made from sustainably sourced FSC mango wood, making it an environmentally friendly choice for your baby's toy collection."",""Safe for Babies: CE/UK tested and safe from birth, this rattle is designed with your baby's well-being in mind, allowing them to explore and play with confidence."",""Developmental Benefits: Encourages grasping, coordination, and sensory exploration, contributing to your baby's early development in a fun and engaging way.""]","{""Brand"":""Albetta"",""Material"":""Cotton, Organic Cotton Toweling, FSC Mango Wood"",""Height"":""12 cm"",""Safety Certification"":""CE/UK Certified"",""Item Weight"":""N/A"",""Item Dimensions LxWxH"":""N/A"",""Unit Count"":""1"",""Unit Count Type"":""Count"",""Batteries Required?"":""No"",""Number of Pieces"":""1""}"
"7840218153149","Maison Sunny Alex Blue Short Sleeved PJ Set for Kids (Sizes 2-10)","https://maisonsunny.com.au/products/alex-blue-short-sleeved-pj-pyjama-set","Shop the Maison Sunny Alex Blue Short Sleeved PJ Set. Made with a premium cotton/linen blend, this pyjama set features colored piping, coconut shell buttons, and an elastic waistband. Perfect for warm nights! Available in sizes 2-10.","The Maison Sunny Alex Blue Short Sleeved PJ Set is the perfect sleepwear for warm nights. Made from a premium cotton/linen blend, these pyjamas are soft, breathable, and comfortable. The set features stylish colored piping, natural coconut shell buttons, convenient front pockets, and an elastic waistband for a perfect fit. This PJ set is ideal for bedtime and lounging around the house. Available in sizes 2-10.

This collection is made with sustainably sourced excess fabric, giving new life to high-quality materials. The matching top and shorts create a classic look that kids will love. Give your child the gift of sweet dreams and comfortable nights with the Maison Sunny Alex Blue Short Sleeved PJ Set.","[""Premium Comfort: Made with a high-quality cotton/linen blend for a soft and breathable feel, perfect for warm nights."",""Stylish Details: Features colored piping and natural coconut shell buttons for a touch of elegance."",""Practical Design: Includes convenient front pockets and an elastic waistband for a comfortable and secure fit."",""Sustainably Made: Crafted from excess fabric, contributing to a more sustainable fashion choice."",""Perfect for Gifting: A thoughtful and practical gift for birthdays, holidays, or any special occasion.""]","{""Brand"":""Maison Sunny"",""Material"":""Cotton/Linen Blend"",""Sizes"":""2-10"",""Closure Type"":""Coconut Shell Buttons, Elastic Waistband"",""Care Instructions"":""Machine Wash 30 Degrees or Less"",""Style"":""Short Sleeved PJ Set"",""Colour"":""Blue"",""Item Weight"":""N/A"",""Item Dimensions"":""N/A""}"
"7837862789309","Maison Sunny Amelia Floral Fun Cotton Baby Romper Dress","https://maisonsunny.com.au/products/amelia-floral-fun-cotton-romper-dress","Adorable floral cotton romper dress for babies. Soft, breathable, and perfect for warm weather. Available in sizes 0-3m, 6-12m, 12-18m, and 18-24m.","Brighten up your little one's wardrobe with the Maison Sunny Amelia Romper. This charming romper dress combines style and comfort with a flared skirt layered over a romper, featuring a round neckline and short sleeves. Crafted from soft, breathable 100% cotton, it ensures comfort for your baby's delicate skin, making it ideal for warm weather adventures and playtime fun. The Amelia Romper allows unrestricted movement, perfect for crawling, playing, and exploring. Whether it's a day at the park or a family gathering, this romper adds a touch of color and charm to any occasion. Available in sizes 0-3m, 6-12m, 12-18m, and 18-24m. Please refer to the size chart image for detailed measurements.","[""Soft & Breathable: Made from 100% cotton, this romper dress provides ultimate comfort and breathability for your baby's delicate skin, perfect for warm weather."",""Playful Design: The flared skirt layered over the romper adds a touch of charm and allows for unrestricted movement during playtime."",""Stylish Floral Print: The vibrant floral print adds a pop of color and style to your baby's wardrobe, making it perfect for any occasion."",""Durable & Easy Care: The high-quality cotton fabric is durable and easy to care for, ensuring long-lasting wear."",""Perfect for All Occasions: Whether it's a casual day out or a special event, the Amelia Romper is a versatile choice that will keep your baby looking and feeling their best.""]","{""Brand"":""Maison Sunny"",""Material"":""100% Cotton"",""Sizes"":""0-3m, 6-12m, 12-18m, 18-24m"",""Color"":""Floral Print"",""Care Instructions"":""Machine washable"",""Item Weight"":""N/A"",""Product Dimensions"":""N/A""}"
"7837864591549","Maison Sunny Amelia Sweetheart Valentine's Day Cotton Baby Romper Dress","https://maisonsunny.com.au/products/amelia-sweetheart-valentines-day-cotton-romper-dress","Adorable Valentine's Day romper dress for baby girls. Made with soft, breathable cotton, featuring a round neckline, short sleeves, and a flared skirt. Perfect for warm weather and special occasions.","Brighten up your little one's wardrobe with the Maison Sunny Amelia Sweetheart Valentine's Day Cotton Baby Romper Dress. This delightful romper dress combines style and comfort effortlessly, featuring a flared skirt layered over a romper with a round neckline and short sleeves. Crafted from soft, breathable 100% cotton, it ensures your baby stays cool and comfortable, allowing unrestricted movement for playtime fun. The Love Heart print adds a touch of sweetness, making it perfect for Valentine's Day or any special occasion. Whether it's a day at the park or a family gathering, the Amelia Romper Dress adds a pop of color and charm to any occasion. Available in sizes 0-3m, 6-12m, 12-18m, and 18-24m. Please refer to the size chart image for detailed measurements.","[""Soft, breathable 100% cotton fabric ensures all-day comfort for your baby girl."",""Adorable Love Heart print adds a touch of sweetness, perfect for Valentine's Day and other special occasions."",""Flared skirt layered over a romper provides a stylish and playful look."",""Round neckline and short sleeves are ideal for warm weather and easy dressing."",""Available in sizes 0-3m, 6-12m, 12-18m, and 18-24m to fit your growing little one.""]","{""Brand"":""Maison Sunny"",""Material"":""100% Cotton"",""Style"":""Romper Dress"",""Neckline"":""Round Neck"",""Sleeve Length"":""Short Sleeves"",""Pattern"":""Love Heart Print"",""Sizes"":""0-3m, 6-12m, 12-18m, 18-24m"",""Care Instructions"":""Machine wash"",""Item Weight"":""N/A"",""Product Dimensions"":""N/A""}"
"7355255816381","Bodebene Baby Brighton Green Striped Cotton Overalls | 9-12 Months","https://maisonsunny.com.au/products/bodebene-baby-brighton-green-striped-cotton-overalls","Super soft and comfortable cotton romper for your little one. Versatile and easy to wear, perfect for playtime fun. Pair with a singlet, shirt, or t-shirt.","Bodebene Baby Brighton Green Striped Cotton Overalls - Dress your little one in these super soft and comfortable cotton overalls. Designed for maximum playtime fun, these versatile overalls are easy to wear and can be paired with a cute singlet, shirt, or t-shirt. Made with high-quality cotton, these overalls are gentle on your baby's delicate skin. The playful green stripes add a touch of style to any outfit. Perfect for everyday wear, these overalls are a must-have for your baby's wardrobe. ","[""Super soft and comfortable cotton material, gentle on baby's skin."",""Versatile design, perfect for pairing with various tops for different looks."",""Playful green stripes add a touch of style and fun to your baby's outfit."",""Durable construction ensures long-lasting wear and tear."",""Easy to dress your baby in, saving you time and effort.""]","{""Brand"":""Bodebene"",""Size"":""9-12 Months"",""Material"":""Cotton"",""Color"":""Green Striped"",""Weight"":""N/A"",""Dimensions"":""N/A""}"